,doy,satellite,n,alpha,alpha_tpl,lambda_tpl,mu,sigma,D_PL,D_TPL,D_LN,lr_PL_v_TPL,p_PL_v_TPL,lr_PL_v_LN,p_PL_v_LN,lr_LN_v_TPL,p_LN_v_TPL,month
0,91,aqua,8176,2.178437897389511,2.0454468217315718,0.00039027484211633643,-1.8035422106853853,2.4506274436224356,0.025575860842756093,0.010418785224696914,0.011544337194209664,-19.498188994700463,4.2459258331462024e-10,-16.505394910246075,0.0005014295073445331,-2.992794084454337,0.17059899822680036,4
1,91,terra,8176,2.166143964617908,2.0127936831167283,0.0004581818079719566,-0.4131920802118802,2.2067932237683077,0.03439014795692669,0.014565469654010843,0.011063027844081419,-25.485497674265297,9.373612996910197e-13,-25.371380534226272,2.8124362794233732e-05,-0.11411714003897977,0.9665024358242152,4
2,92,aqua,8466,2.1718465531734656,2.024321582043874,0.0004403858748012612,-1.6450057611591486,2.430889307111176,0.023045254642703072,0.009472470624942553,0.012106612055997362,-24.37877568441818,2.896460848944571e-12,-18.643419657096782,0.0001707904649544741,-5.735356027321492,0.00686907574296269,4
3,92,terra,8466,2.1739825083124673,2.0263689102266143,0.00044228303744309547,-0.9174190100424083,2.2948905470526464,0.026292714290433727,0.01531503825418204,0.012827545858859979,-23.684875479519697,5.878297848482816e-12,-21.7678079221214,7.272746446787358e-05,-1.9170675573986493,0.43672045106080626,4
4,93,aqua,7507,2.1501826836005637,2.000575985554607,0.00043109128496539794,-0.684774554576967,2.2794701230438736,0.02620721703456591,0.011476572495639464,0.013280769213180388,-22.331928585353722,2.3393620374179136e-11,-20.837616329084312,0.0001173117081965347,-1.494312256268996,0.528920447445212,4
5,93,terra,7507,2.17344072544893,2.0169369353884026,0.0004763907436572026,-1.4331641059376246,2.3908647900829734,0.022656673934371985,0.007363997627612084,0.01237546503315795,-23.61460171995713,6.315281630975278e-12,-17.68930567594969,0.000216565768088951,-5.925296044006938,0.0042349109746751615,4
6,94,aqua,7751,2.211394505262273,2.0608995209345315,0.0004834402684516225,-1.8006987587628953,2.4096657193718496,0.01975875114926784,0.009095668683860109,0.010245583680062453,-20.57185297162608,1.4143797244514644e-10,-15.526252726916924,0.0005412533845186721,-5.045600244709528,0.005739069024396775,4
7,94,terra,7751,2.260900134111641,2.132740986096935,0.0004287415057849833,-4.090323796105977,2.7144309805272044,0.015296269692330722,0.010551554416297793,0.01310664065804032,-14.964752904127282,4.480425741526517e-08,-9.144854157725328,0.007264597017863728,-5.819898746401854,8.194621596641603e-05,4
8,95,aqua,7423,2.2045748165692256,2.104363876151777,0.00028600256354525543,-5.1332813868938905,2.93949330204364,0.01854153972599054,0.009583311055450405,0.011005830759498708,-11.886563016233795,1.0838523315515047e-06,-7.787878292470616,0.014832043082693001,-4.098684723763455,0.008406828886423842,4
9,95,terra,7423,2.2062374842445514,2.1134851746060397,0.0002601390495548549,-4.246646001464924,2.8082208819322245,0.020045172614129525,0.01070816238907138,0.007746246020484737,-10.796584283826212,3.370502027033595e-06,-9.126251975476787,0.011201373469297768,-1.6703323083494173,0.30577673282651063,4
10,96,aqua,8303,2.1588403339628024,2.0416533237513494,0.0003199057291459732,-3.5571725585804486,2.7677249224740694,0.017596764753375627,0.008124127787361574,0.010874207234830291,-18.87139578114371,8.071442403334572e-10,-12.670326234813484,0.0017635706004910034,-6.201069546330608,0.0015943634726874032,4
11,96,terra,8303,2.1386438660704705,1.9634172778760504,0.0005182263029148112,-1.050253217909718,2.364056138072117,0.025121308287888555,0.01043201604070515,0.013949416653799951,-30.395811861323963,6.328271240363392e-15,-20.83874844345962,4.0633161339899735e-05,-9.5570634178641,8.152408008495144e-06,4
12,97,aqua,6733,2.145112173392957,1.9904151018987244,0.0004460048478638753,-1.3404287156360235,2.4098454281490786,0.024842466515172745,0.013561329973687503,0.01858194163665569,-21.227107697001475,7.23563431392904e-11,-15.935554430874395,0.00045424174380057585,-5.291553266127332,0.009848261720949204,4
13,97,terra,6733,2.1457330066043876,1.9760643881960966,0.0005034475125575499,-0.5443686600728972,2.257503221743924,0.02423133806958766,0.009055745174148089,0.01433939744522228,-24.711399651815274,2.0633494912658534e-12,-20.349934257708377,9.015441783760305e-05,-4.361465394106714,0.08980744213906217,4
14,98,aqua,7228,2.164751827900954,1.9894880878031116,0.000542726134698321,-0.6425187132689409,2.253434878301154,0.034480661960347714,0.012690442692007697,0.01394475773788384,-25.672726117630212,7.746026042809717e-13,-20.248814869863196,8.227763016207004e-05,-5.423911247766753,0.02861526137786203,4
15,98,terra,7228,2.1642640625096647,1.9980241565955281,0.0005066781560270826,-1.0471781193616252,2.3311814503394137,0.02105821117572898,0.01093752220872879,0.015691593570164253,-24.50588701972415,2.5442981055334712e-12,-18.533864780265922,0.00016786674673379505,-5.97202223945888,0.006618197796264593,4
16,99,aqua,7591,2.174968951528391,1.9620889721294654,0.0007092860236132877,0.31120316789446006,2.0479125014052313,0.028888351433350057,0.007972521668936056,0.014486128202652743,-34.870282773090565,1.1102230246251565e-16,-29.03402622053799,2.6095015543060894e-06,-5.8362565525518235,0.026238706906805916,4
17,99,terra,7591,2.1254138405170515,1.9721977749966282,0.000424536968727926,-0.6677623305333086,2.3074135605476416,0.028455999033823565,0.010387857051391391,0.018015562852784273,-24.688738804317527,2.1115331705345852e-12,-21.7454451021273,7.43825246158757e-05,-2.943293702190539,0.21054806497483303,4
18,100,aqua,7899,2.1779230343754916,1.9947305949332057,0.0005874883944558458,-0.03136833217270646,2.116099152542062,0.02769142717797396,0.014005235292151377,0.012857852838487838,-28.893187625051674,2.919886554764162e-14,-26.149824315108276,9.117956674333982e-06,-2.7433633099434456,0.3109440246354239,4
19,100,terra,7899,2.163231753465015,1.9648539660012498,0.0006352210820564192,0.2599070050448522,2.072183510869282,0.031353173012145685,0.006996453765329647,0.013346833157389743,-33.51888002067038,2.220446049250313e-16,-29.506310085835537,3.2053228438870358e-06,-4.012569934834161,0.15850980893948607,4
20,101,aqua,7914,2.164674956105255,1.983970556370052,0.0005645042695265656,-0.6339269415944979,2.251860250187409,0.022915283525586472,0.008340008182445069,0.01242456966466432,-29.896943094692254,1.0547118733938987e-14,-22.745955860218714,2.559512621546027e-05,-7.150987234473906,0.000659477256657361,4
21,101,terra,7914,2.172173346271929,1.967940804153371,0.0006695357881492264,0.463726760277402,2.0182984702011506,0.03323485243452606,0.009353780762645092,0.014781665372237407,-33.66590031046774,2.220446049250313e-16,-30.905810127730277,2.685476457855223e-06,-2.7600901827379456,0.3712347938157402,4
22,102,aqua,8542,2.1791891644878207,2.011735225036935,0.0005247810106324319,-0.8307364108913506,2.2722155687427397,0.02230843617034023,0.007299894884952196,0.0106921998542846,-27.738070410909426,9.459100169806334e-14,-22.40995194621738,3.543356053330966e-05,-5.328118464692517,0.04108469508779269,4
23,102,terra,8542,2.17568864046034,2.0035654246371117,0.0005405470200055131,-0.3322489205743627,2.179455857777545,0.028770072915924483,0.008899430812559173,0.01259793221191799,-29.480276491940977,1.609823385706477e-14,-26.308112157420826,1.2112758931001987e-05,-3.172164334519314,0.21709981302390635,4
24,103,aqua,8730,2.169886467903168,1.985264621818562,0.0005857247695142842,-0.26172586824363386,2.172152978323181,0.026841008733355265,0.009687048553588262,0.016329462690170105,-32.43679161990037,7.771561172376096e-16,-26.872092136341756,7.641832862117363e-06,-5.564699483559236,0.045996256047822766,4
25,103,terra,8730,2.168724273454354,1.9641299822053122,0.0006671379176942062,0.4093456557260957,2.0339377399781444,0.030185038801781583,0.00744334017353776,0.012928150980523578,-38.648807399179255,0.0,-34.62462704497721,4.013162852756032e-07,-4.02418035420289,0.20931412870616461,4
26,104,aqua,8290,2.160146867478621,2.0140899400606957,0.00042571786366997564,-0.8252689833526718,2.2942548795270534,0.025191655167076,0.010381701326826837,0.007912082943081156,-24.224045881431074,3.391509295624928e-12,-22.717035515102033,5.5897705747009746e-05,-1.5070103663288084,0.531081941122228,4
27,104,terra,8290,2.1626757347978893,2.027070362435449,0.00038879128243464033,-1.8889712884062635,2.4857153457279058,0.022717050166497832,0.01573993070830121,0.02011878504923381,-21.338841327256244,6.454448087112041e-11,-16.95000528706148,0.00041608559531405734,-4.388836040194716,0.054350755074500455,4
28,105,aqua,7939,2.1616137895837086,2.0132081187560322,0.0004357188244448795,-1.709611895354437,2.4554012666954197,0.02624250180636456,0.010887005317513632,0.015945996708443377,-23.688880493792148,5.854317031150913e-12,-17.48811438927907,0.0002319847315541341,-6.200766104512958,0.009203154836563471,4
29,105,terra,7939,2.1455418036739244,1.973620344813418,0.0005118346717392083,-0.43359158916379525,2.2357911144905764,0.028460065473179808,0.008311256451523974,0.013629762140538182,-28.634215398890703,3.7969627442180354e-14,-23.92676606570388,2.2715710836852605e-05,-4.707449333187242,0.08167722026973817,4
30,106,aqua,8033,2.1669243116414014,2.026965489886937,0.0004078644173943618,-2.6376186544346756,2.607960183719449,0.018066390897107598,0.010702086879966766,0.014409910676690618,-21.382119598108247,6.175071565195367e-11,-13.923425797755103,0.000818661756284803,-7.4586938003534975,7.688218490377082e-05,4
31,106,terra,8033,2.1694359056984265,2.001079654878406,0.0005194664729942079,-0.6743811931738266,2.25395865095279,0.025329764287563283,0.011320340123713774,0.0157519412477114,-27.417234607844442,1.31117339208231e-13,-22.678141308670035,2.7806482717207008e-05,-4.739093299173993,0.05969395431167671,4
32,107,aqua,9359,2.1466122250436657,1.9620562199481697,0.000562335176118227,0.2883753024724909,2.08546789667499,0.03306611350458627,0.011079160479742833,0.009076715608222319,-37.85453540836195,0.0,-35.984367821745735,3.513208035675854e-07,-1.8701675866154464,0.5511309447897672,4
33,107,terra,9359,2.140283931425782,1.9694876920663882,0.0005028844248005683,-0.20703228936435641,2.19659157213854,0.02756169135409503,0.009267716990639718,0.009966144003394795,-34.03256811190744,1.1102230246251565e-16,-30.38072636205164,1.9536839150464477e-06,-3.6518417498563274,0.19231684414968098,4
34,108,aqua,8496,2.1384935363613957,1.9874267203259472,0.0004273711125170113,-0.6153613632738852,2.280497692219592,0.027225946321765226,0.012449763834835509,0.011202896905127102,-26.72816034591238,2.644551244657123e-13,-24.71762067771802,2.2208159943864852e-05,-2.0105396681948324,0.46294956446998314,4
35,108,terra,8496,2.1373205600920167,1.9819810389522976,0.0004421045034281693,-0.15141937552852527,2.1888454217163416,0.03153826242010954,0.012413093261211705,0.009720514437888572,-28.22614778470669,5.762057497804562e-14,-28.71591066380705,7.821956003858037e-06,0.4897628791000965,0.8701895195649091,4
36,109,aqua,9523,2.1099375341411815,1.9330899821857348,0.0004976872505135783,-0.2988660461738524,2.2535122620693606,0.026140399003761583,0.0071054616987651364,0.010958671410395526,-38.746417913793294,0.0,-31.013273925928104,8.993548115012645e-07,-7.733143987865031,0.005024550878795386,4
37,109,terra,9523,2.1493341375031805,1.9505046302789284,0.0006224475530903619,0.14962942730745643,2.111744219332567,0.030704980610136934,0.009708057804165976,0.011954502246784293,-41.85985386847949,0.0,-34.860714578764615,1.9181683637954013e-07,-6.999139289714529,0.009347076146917047,4
38,110,aqua,9608,2.1613112676483515,1.9357209081719107,0.0007480264790985143,1.0931949696179428,1.888315477020566,0.039207150108672706,0.013463810206365778,0.009578466041857081,-46.98778589843478,0.0,-46.956553096852645,9.253292200692784e-09,-0.031232801582639524,0.9937461716035262,4
39,110,terra,9608,2.1526782951265284,1.9519282554651611,0.0006338287919105943,0.35562748607496775,2.063915645486297,0.033572816208267964,0.010948473671830328,0.012502424791895117,-42.35319595838265,0.0,-37.36508449147404,1.1165036732835353e-07,-4.988111466907107,0.15097385450105777,4
40,111,aqua,10151,2.168977409990043,1.9392056168106646,0.0007754766920769556,0.6211726568720839,1.9874157890145012,0.029273919367907575,0.0063055909802309795,0.013233209383897993,-51.420965654004426,0.0,-42.831608753766545,1.0919560284752269e-08,-8.589356900239727,0.01120386398530445,4
41,111,terra,10151,2.2059363662756453,1.9945494267377717,0.0007382114830154186,0.30325576543073063,2.0155013140451805,0.033314742394889074,0.009868577270961465,0.01357551278989047,-41.23219093737813,0.0,-35.92528203601778,2.729430299299921e-07,-5.306908901361718,0.08070192573655585,4
42,112,aqua,10943,2.163380999747625,1.9713868432828856,0.0006092026635581097,-0.16512718422300515,2.16029604746681,0.027336066835621953,0.0074752979676200315,0.010322909877315517,-43.91741700594124,0.0,-35.35473953575967,1.4969154515073733e-07,-8.562677470181251,0.003691008180467672,4
43,112,terra,10943,2.1834815728388484,2.021251973099046,0.0005076521180750846,-0.4033883999178838,2.1844784114791547,0.029126655114344646,0.00892745592281996,0.006300465875303196,-34.227384704715405,1.1102230246251565e-16,-32.55114514358323,1.5107910026696608e-06,-1.6762395611329524,0.5798779334103645,4
44,113,aqua,10038,2.1682974454842956,1.9419758640535196,0.0007596002001300027,0.7323616424333346,1.9634325946557178,0.036530663181679135,0.009751866789618702,0.012705236367338446,-48.59968055136583,0.0,-42.825224743591676,1.2164515440295613e-08,-5.7744558077749595,0.109098913599223,4
45,113,terra,10038,2.184670299274405,1.999501697123481,0.0006024745351060237,0.19241638397293792,2.0621029304229017,0.032896421702552914,0.01109661988249816,0.007680004590970374,-37.40780337144997,0.0,-36.125951508429964,3.716305318237449e-07,-1.2818518630211475,0.6965404873347869,4
46,114,aqua,8834,2.160642656148556,1.9872609658945528,0.0005313955864138006,-0.12679245140645443,2.1557193210004018,0.027794464776180694,0.00748994215528076,0.01202211893448224,-32.380419846384775,8.881784197001252e-16,-29.830430726443385,3.9306823741675915e-06,-2.5499891199408893,0.3707517430103441,4
47,114,terra,8834,2.1758990666721223,2.0022879136849103,0.0005465395729749244,-0.12191101990047493,2.136906581089333,0.03426896155701664,0.012616464908838387,0.012612158001004542,-29.749456030511567,1.2212453270876722e-14,-27.94548362894308,8.352614849666461e-06,-1.8039724015686627,0.5239336535120801,4
48,115,aqua,8777,2.1605957998436365,1.977573866388099,0.0005698979625129352,-0.15317971873712788,2.1611571954816053,0.031814209053583564,0.013350712812499749,0.018584298226573426,-34.23233119382116,1.1102230246251565e-16,-29.243947391227643,4.277108603614938e-06,-4.9883838025928995,0.08218620497423831,4
49,115,terra,8777,2.1667097987443427,2.036045117030376,0.00037323581783915564,-1.8563673581126887,2.4747981620392623,0.023252025644894814,0.00927586744623049,0.013978978624498428,-21.241121322682098,7.13268333285555e-11,-17.91524910855759,0.0003628437505603091,-3.3258722141245016,0.12817681859124552,4
50,116,aqua,9523,2.2289622865415533,2.0995297989859623,0.00041176100518521474,-1.4757476015038378,2.332079013738684,0.021594268320457966,0.009022766437228935,0.009726291799143583,-19.9710758460564,2.6159652222190743e-10,-20.18847660302425,0.00024969223911133846,0.21740075696806116,0.9321098295802971,4
51,116,terra,9523,2.198357329971966,2.0590697505604414,0.00042860733976123207,-1.1859380135133082,2.315635233442129,0.025390626016335793,0.007796784444385807,0.009988655716243133,-23.810809845957014,5.169531469562116e-12,-22.67013892276583,8.481561190619251e-05,-1.1406709231909584,0.6685045895795644,4
52,117,aqua,9098,2.2039155785486644,2.02198839370309,0.0006076530821193,0.6917654779048926,1.9339673451738275,0.03460482072373283,0.013276393711195156,0.007576076436264789,-31.097412489868802,3.1086244689504383e-15,-37.21080854536591,1.2253757989997289e-06,6.113396055497761,0.08579443627455914,4
53,117,terra,9098,2.2270570663870326,2.0769942991981356,0.0004942864058915597,-0.7008332459001287,2.1925522791598726,0.030565146542117005,0.012926262790569187,0.006265982307449236,-23.649843887822602,6.092237825328084e-12,-24.165215606724793,5.387636365483929e-05,0.5153717189026175,0.8483456077949244,4
54,118,aqua,8256,2.189094647774296,1.9877251485643048,0.0006756691204142006,0.49118736175278266,1.9936431578960705,0.030960010277188588,0.009340253000446608,0.008783814362540943,-33.86159489455146,2.220446049250313e-16,-32.650875865461614,1.3413469647814087e-06,-1.2107190290905692,0.7041033386422406,4
55,118,terra,8256,2.1818887158278524,2.053985690076671,0.00037358400798505375,-1.8235493321289575,2.4498034805929954,0.02405004773544761,0.008718443644253338,0.013561143209411514,-18.81716389074031,8.532951012441004e-10,-16.73487051041344,0.0006125144820934303,-2.082293380326929,0.35067979538072547,4
56,119,aqua,8979,2.200446856012654,2.0360296864346408,0.0005314229177981473,-0.7889833973169632,2.2393193090009103,0.026515173143594084,0.008940565986279389,0.01230384243961724,-26.445386140357435,3.526068326209497e-13,-22.708083577754092,4.937965477559047e-05,-3.737302562603354,0.19464542896484716,4
57,119,terra,8979,2.197619916983521,1.996964872250956,0.0006816917198858798,-0.3895717581591607,2.165538927221021,0.02683349574203331,0.011502765316518906,0.015754822162843463,-36.62627828916312,0.0,-27.285583161448663,4.239428809760944e-06,-9.34069512771467,0.0007392260943403159,4
58,120,aqua,9470,2.2176266524370654,2.055718743880428,0.0005358634618393057,-1.1339317088294625,2.2836585375387526,0.024195855715606895,0.008327855636489717,0.010196273263588518,-27.25483279728348,1.546540673302843e-13,-22.26068031592909,4.15882171960652e-05,-4.994152481354083,0.04339711420585816,5
59,120,terra,9470,2.190518346723678,1.970593584529359,0.000758299141400772,0.3182359796407002,2.0291101607266886,0.03348221181600308,0.008614574565945499,0.009304654885567337,-42.24820180612044,0.0,-34.54073656951648,1.8733739869711983e-07,-7.707465236604053,0.001772866340049067,5
60,121,aqua,8290,2.1920346754701017,2.059252072565864,0.00039904345807844385,-3.2341959880334707,2.6716051287087135,0.016807756857930622,0.01337957494704417,0.016731658339945,-20.139010767667667,2.202731330669394e-10,-12.782401404309605,0.0014194062789974057,-7.356609363358626,8.753978078794294e-05,5
61,121,terra,8290,2.2143092881191695,2.0474103086017985,0.0005539733630253955,-1.670405535197419,2.3834671836146812,0.02001996857678834,0.013060482603978074,0.01699819321438545,-24.334835191680767,3.029132500387277e-12,-16.66309586662587,0.0002695837582243926,-7.671739325055297,9.29391301556372e-05,5
62,122,aqua,9145,2.2072669149682156,2.0498369417055002,0.0005084084831332614,-0.7821275194651733,2.2301819455893854,0.029256648343404024,0.009954611370918909,0.011294177789738208,-25.451007624894856,9.708900350346994e-13,-23.33679233296744,5.229285991183415e-05,-2.1142152919278168,0.4254664528721721,5
63,122,terra,9145,2.1861610173977435,2.0261651494453767,0.0005008100820165413,-0.637342835252833,2.2269683601967794,0.03301648244002808,0.012970254263070635,0.015342068680665344,-28.35858635574371,5.029310301551959e-14,-25.791177719819807,2.1047587574511124e-05,-2.5674086359239663,0.3580757892963863,5
64,123,aqua,8651,2.174277075163539,1.9784176453214866,0.0006364270042938549,-0.2111750296765289,2.156852649636704,0.033796423254643715,0.013837978681591978,0.017955606682213632,-35.10899096074894,0.0,-27.576975574460317,5.639484947759662e-06,-7.532015386288888,0.0008919439319130809,5
65,123,terra,8651,2.2189192190652065,2.0163923515841407,0.0007129977335774583,-0.15614113001544672,2.0956558645473216,0.03022326408793785,0.010202243817132306,0.01588670035470008,-32.662067763828816,6.661338147750939e-16,-26.43446051484007,8.165797213516553e-06,-6.227607248989612,0.005679253957918761,5
66,124,aqua,7701,2.221423219783292,2.1021656556701984,0.00036680041661150254,-3.1252779957535752,2.6165478919656415,0.022349025953084856,0.009044815789482491,0.013075244166714212,-14.915260172082737,4.715105772490347e-08,-11.499686896110095,0.003930406337761633,-3.415573275972692,0.07028515352987862,5
67,124,terra,7701,2.247367406568002,2.1260673733888966,0.0003916306378970827,-2.768234740701371,2.527939253257309,0.022652862802805318,0.013365511781473466,0.008650814897725817,-14.346134538004419,8.48417529564216e-08,-12.009506711996131,0.0031173089328657166,-2.3366278260079856,0.21290555009066625,5
68,125,aqua,6851,2.223338915016841,2.0926076664320075,0.00041325370996044984,-2.50988491473505,2.514997930650447,0.02074431450761627,0.008844364846720645,0.012313748195171559,-15.060457459571941,4.0592965211416754e-08,-11.750235950551936,0.0032479663575508554,-3.3102215090201828,0.05417591089798096,5
69,125,terra,6851,2.257518718193135,2.133841775229159,0.0004079464112607549,-3.622181508093661,2.6486767732187806,0.021426785078971555,0.016887736852400997,0.020112324458176567,-12.516559578766046,5.635396771452861e-07,-8.71562134760139,0.011372237484535714,-3.8009382311650697,0.04255257971409595,5
70,126,aqua,7291,2.2597409300795777,2.124322376053757,0.00045817701584046256,-3.430233574980095,2.616745609400801,0.01859794689022576,0.01365851807785301,0.015473940131638941,-15.108389620536858,3.8635246668583534e-08,-9.737706569026418,0.0059130424140533076,-5.370683051510687,0.0025201275699624124,5
71,126,terra,7291,2.2735210470541416,2.13844554024982,0.00046679322142488864,-1.9115047109663563,2.357098450153889,0.023792181473676566,0.010489712835085013,0.010079719854717895,-14.656024281784584,6.161141419269711e-08,-13.345258326952042,0.0022889163112561495,-1.3107659548325472,0.5155504749839324,5
72,127,aqua,7947,2.2616073560479104,2.121304525380241,0.0004804017173522285,-1.5764783249104681,2.3129338780602198,0.025603700269130336,0.009209303881352493,0.007071249970016291,-17.603022741495057,2.9660137679243803e-09,-16.29500356769457,0.0007595444360491253,-1.308019173800444,0.5473711273186999,5
73,127,terra,7947,2.271851265624271,2.1521927819602524,0.00040083989216443906,-3.3884908332464105,2.5958492583266217,0.023183064141073018,0.011032388446095553,0.0116667542630986,-13.415810953218996,2.219752550658427e-07,-10.377479671335234,0.0052800785692168,-3.0383312818840924,0.09416463594554944,5
74,128,aqua,8653,2.250126326510112,2.12113071201152,0.00042469927388746496,-1.4157940775548983,2.2975288207088473,0.028728159813919796,0.013870694096532632,0.01086363726372297,-16.862031999279722,6.351016712535795e-09,-17.838300538147728,0.0005257242337222098,0.9762685388683909,0.6730685023299272,5
75,128,terra,8653,2.228444321055945,2.084177583783342,0.00047150231227501325,-0.5848383702153908,2.168978129214034,0.033173033245570444,0.019917600020249365,0.01170381920593569,-21.43715032341902,5.837241801032178e-11,-23.829757452914265,6.897070240485753e-05,2.392607129496078,0.3693901858306404,5
76,129,aqua,8788,2.2323202873057744,2.1054998287208946,0.0004036168525638622,-2.016505024778744,2.4218531627035422,0.027327772363257563,0.012018139724460641,0.009460209846071765,-18.337305462183167,1.395855986352501e-09,-16.802934737502987,0.000596415892923726,-1.5343707246797678,0.47678076438546935,5
77,129,terra,8788,2.257220283020583,2.135322186939745,0.00040040041706775124,-2.3323194963097946,2.44560016669214,0.02101736256449588,0.009439936067102805,0.008650922921358939,-15.671442736691986,2.162496837154748e-08,-14.501772079769301,0.0014810935401694911,-1.169670656922495,0.602658887342733,5
78,130,aqua,8663,2.278046393341868,2.139296754189308,0.00048604417727048576,-1.7630534598790946,2.326970623438486,0.02608283141248824,0.010115653518700474,0.009889659231502201,-17.601992046137987,2.9691549219279523e-09,-16.12295137577415,0.0007069525611572506,-1.4790406703631316,0.4864814069240987,5
79,130,terra,8663,2.261058623147333,2.0837882121604965,0.0006426026268535688,-0.44822194648563896,2.1080174606068884,0.02813536059550442,0.009977981534261549,0.01206191613599894,-25.899334568028245,6.149525333398742e-13,-23.972403320535683,3.32049459691501e-05,-1.9269312474923392,0.4747464852028209,5
80,131,aqua,7322,2.236208847158727,2.096212089252551,0.00045995730980331125,-0.5127889741786369,2.1467321415082736,0.02940637247818506,0.01319149337614961,0.0070868768098992785,-16.597109665103268,8.339809065560644e-09,-19.75181255344092,0.0004036006815014974,3.1547028883378054,0.23761116648699698,5
81,131,terra,7322,2.2092177252014054,2.064819679329211,0.0004572447500817126,-0.5808150951994948,2.1895956819860363,0.033059318822045825,0.015135488902636163,0.008343970700289936,-18.70305068852232,9.59215817886161e-10,-20.26953906257013,0.0002265831231992393,1.5664883740484008,0.5529651705363492,5
82,132,aqua,7314,2.260447304260604,2.084044691837688,0.0006379589697735713,-0.7900968230569008,2.173095080206198,0.025896956971335316,0.006869070266123323,0.009948216371256646,-20.017752411627555,2.493885098431292e-10,-16.919128446606116,0.0004057610891142779,-3.0986239650213285,0.14660620466876487,5
83,132,terra,7314,2.2684228356806777,2.1089127810145536,0.0005693825911120711,-0.8954685974102149,2.184090745887047,0.027427855787735878,0.014615815757650225,0.01294142190880343,-19.594032149664336,3.8488590092811137e-10,-18.483628096342066,0.00031070645050822795,-1.110404053323153,0.6634818515182823,5
84,133,aqua,8791,2.2564468632868984,2.1453365260174344,0.0003566050127186319,-2.9682598616597238,2.548917974012601,0.021635066884383658,0.008010166138211317,0.009339144243481312,-13.9450875072961,1.2840010266135238e-07,-12.68173386339032,0.003370418222851344,-1.2633536439057131,0.5294149528651374,5
85,133,terra,8791,2.239674538021629,2.07536113204498,0.0005654757790752563,-0.34070075161489893,2.1097493685771727,0.02980130581451118,0.011750743989861145,0.007277323135905012,-25.011525697023664,1.5194512315019892e-12,-25.623003417618513,3.2687487571433925e-05,0.6114777205956567,0.839000906769614,5
86,134,aqua,7644,2.2351161501626273,2.05626457765698,0.0006246863045331012,-0.24608896733452695,2.096074533512305,0.02953277734982901,0.009330020949569917,0.008846864943983845,-24.55466422576213,2.420841305195154e-12,-23.08987041210155,5.1378307052577186e-05,-1.464793813660343,0.6056872557442984,5
87,134,terra,7644,2.2669324904212935,2.129366168353684,0.0004726195801354934,-1.4851943996414465,2.2911883365559103,0.0248196760868602,0.008716085413755792,0.01113002992155293,-15.56104378215847,2.4229854789226124e-08,-15.216474569674173,0.00140821428009645,-0.34456921248503924,0.8855373047627819,5
88,135,aqua,7316,2.2445307558069985,2.108741053296865,0.00044871396752688814,-1.3754556000209812,2.2966362567410714,0.02447759671234695,0.008388103634403232,0.008594624012989938,-16.180090817805564,1.280843286988187e-08,-16.081214097233037,0.0009865452050633213,-0.098876720572326,0.9637021676713664,5
89,135,terra,7316,2.256546474088865,2.136470941285374,0.00039254301430467406,-3.0363646633305477,2.559517635429244,0.024220045826220782,0.011215027711212189,0.01564228508404336,-12.887539089896029,3.836099418119687e-07,-10.461436137581977,0.006738611871048156,-2.4261029523138102,0.1916982349668641,5
90,136,aqua,6945,2.252734003467978,2.14814966217568,0.0003287381553035786,-3.038393679509137,2.564398247234492,0.025900745127482472,0.012903307495797323,0.01277942831866663,-10.292967698122022,5.701343789743518e-06,-9.939850276004107,0.010173043046341531,-0.3531174221176876,0.8410598925075039,5
91,136,terra,6945,2.2864220691260266,2.1325363829071,0.000559420704253242,-0.5324442270168422,2.098040970462649,0.02802653029671459,0.011185478584508024,0.011797702204325272,-16.412301511176196,1.008602013019555e-08,-18.35415870645101,0.0006035081456938915,1.9418571952752988,0.4879768370374752,5
92,137,aqua,7612,2.2532238584404682,2.1355313895380923,0.00038095984919991237,-2.3710727133844065,2.4566009334148995,0.024606425845791313,0.010248371638207299,0.008532416050861358,-13.27676067624104,2.5633705702521326e-07,-12.686455729468667,0.003411736757215854,-0.5903049467719601,0.7647495096590123,5
93,137,terra,7612,2.2555645842256613,2.124874431262666,0.0004355855731288749,-1.6714073150876836,2.3360995069120722,0.03008907680910411,0.016125165959848475,0.014143566123231033,-15.470823992360655,2.659039100016969e-08,-15.215573443605255,0.0015090751018515623,-0.2552505487555603,0.9092039799310611,5
94,138,aqua,7001,2.3132386275258856,2.2321083551891086,0.0002668248978609988,-5.162530369113661,2.8024242936088317,0.025514402367675937,0.016945038113005073,0.011746023512772583,-6.481581311477738,0.0003176800781249378,-6.3559300124127045,0.040326857817886926,-0.12565129906520056,0.9301712287296644,5
95,138,terra,7001,2.316817386384148,2.234369125190957,0.00027360098104039696,-6.295749109493384,2.948748932593218,0.01408629813687684,0.010692890044510517,0.014779303255811505,-6.706993525025359,0.00024975499446533433,-5.3979586755353175,0.05583625986041308,-1.3090348494901214,0.3454415656527895,5
96,139,aqua,5929,2.3620879914761526,2.2439151960981834,0.00045252889423934295,-2.211737625544048,2.313330313987633,0.024004350160910737,0.011885477414758261,0.006893647295626141,-8.331606776127641,4.463827516587582e-05,-9.38761543538105,0.01437044479521284,1.056008659253175,0.5727405737595552,5
97,139,terra,5929,2.3749288261773143,2.2432998584920485,0.0005246259493455782,-2.3050842532833626,2.3154458578251447,0.023555909870931424,0.011566782583255553,0.011055105455250624,-8.926291635823906,2.386950142785338e-05,-8.663094436440698,0.016439798543918412,-0.26319719938335595,0.8884722709387161,5
98,140,aqua,6329,2.302339464305746,2.197867689418602,0.00035615431595079755,-4.311676824361698,2.6963301450764097,0.021253969219417523,0.010596975560489774,0.008046225653945305,-8.575335965975768,3.452872475362412e-05,-6.894812588620924,0.026513320966021717,-1.680523377354751,0.24920179607047432,5
99,140,terra,6329,2.3178336376357116,2.203759496940024,0.0004061213235470617,-2.7985182277533527,2.4524000055782347,0.028156806442840465,0.016612909662618636,0.015819640238870114,-9.09916936699467,1.9905238444861695e-05,-8.936349103449647,0.015515246367447194,-0.16282026354517676,0.9329159362362631,5
100,141,aqua,6392,2.3186774831216237,2.2262775487362303,0.0003150414544107941,-5.974662266547901,2.904567247214188,0.014772575223344353,0.01104929320924486,0.012455496455708759,-7.130881576875771,0.00015906353977357401,-5.196385740733561,0.05582303992792221,-1.9344958361423306,0.18878240531192347,5
101,141,terra,6392,2.3200441073328935,2.2710217039824343,0.00014757243866409865,-15.31380613430799,3.9402614668383507,0.009950120355146752,0.011346091631530997,0.01341748473319443,-2.963321403967587,0.014913627682135111,-1.7017158250241433,0.28644763714654364,-1.2616055789435343,0.10342881540911981,5
102,142,aqua,6292,2.305601897878797,2.210895240967321,0.00031756393565873764,-3.2597497636426285,2.537115079433536,0.019033122677598047,0.009689207554956947,0.010002742375181783,-7.5600106501714315,0.00010088762894389092,-8.491078806540084,0.022382744694079727,0.9310681563685694,0.5877479853128297,5
103,142,terra,6292,2.322202642378294,2.2090748512347966,0.0004049498075266713,-2.363040510806978,2.3787079554417456,0.027029520941477203,0.01427207733115804,0.015716256022888078,-8.681862363164447,3.0866117579853025e-05,-9.526013511348165,0.016005528812757235,0.8441511481840482,0.6694017903310445,5
104,143,aqua,5986,2.3131196746818903,2.18800366981445,0.00045162695555835396,-1.9080014195965855,2.313858254034622,0.020869049326364575,0.012747585622385607,0.01194061118292683,-10.310903595751235,5.595510721545516e-06,-10.8882290295642,0.0077935208861065796,0.5773254338128861,0.7868909747131397,5
105,143,terra,5986,2.351476898471823,2.2138490526042602,0.0005360727712803847,-1.3181697606163638,2.175300117242649,0.031022465398981014,0.016436233303988246,0.009970232735618922,-10.053322856024778,7.324173648681764e-06,-11.363610587123643,0.007444369410334009,1.3102877310983683,0.5505816572066433,5
106,144,aqua,7612,2.3037692273866437,2.2010570143889723,0.0003496472888438458,-2.4236583814720207,2.408271960432809,0.025809202443001056,0.013821232581781862,0.0073035316034700815,-9.893787575427059,8.654342905201062e-06,-11.886284212211994,0.007056926670000347,1.9924966367847947,0.35024116777901904,5
107,144,terra,7612,2.3041650337753343,2.218422519714111,0.00028104915060116604,-5.275177419091224,2.8288724438344577,0.01879132588994803,0.008691149853845448,0.01137964332690089,-7.931902191895283,6.806818436166928e-05,-7.014310739773352,0.03135504299391553,-0.9175914521215685,0.5796055907638695,5
108,145,aqua,6548,2.338982950488289,2.2364677131369337,0.00036869681740568996,-3.807317684765483,2.581358271407924,0.024720884912626306,0.014957092365846192,0.012602498454597266,-8.146455246853177,5.426660282237261e-05,-7.707464645064638,0.02206137212625585,-0.43899060178798166,0.778593242656003,5
109,145,terra,6548,2.3385242581509917,2.2624954422747567,0.0002570749814553831,-5.995871249535556,2.8830619819907346,0.018706096531291988,0.012278022298711888,0.010489675403717591,-5.081175989020958,0.0014333764269988114,-4.902159431013702,0.07566098899791479,-0.17901655800733351,0.8956322547784629,5
110,146,aqua,5755,2.3352428508608276,2.2844422608357706,0.00015819646954291344,-9.380813702565085,3.29870731394691,0.01455090567694406,0.008249689295658724,0.009361109687528402,-2.7542631459225166,0.0189239856291179,-2.850078800369527,0.18846371342155366,0.09581565444702811,0.9261963389993699,5
111,146,terra,5755,2.3651069876892956,2.3134181508819287,0.0001701549592223659,-6.095617676820752,2.864299882945966,0.030281507491860565,0.025755311588433943,0.019190584858362114,-2.5672799245897977,0.023454033379671002,-4.24409702328448,0.1237479132227883,1.6768170986946451,0.25015116421224326,5
112,147,aqua,5356,2.381137902916813,2.293065530269768,0.0003273230685698069,-4.0672764724603745,2.572935915552212,0.02143095748172341,0.012261937107975907,0.011111955508718102,-4.778817599604999,0.001991194574293531,-5.550838117392248,0.06655381922762074,0.7720205177872188,0.6015222111400738,5
113,147,terra,5356,2.357429667074398,2.2347890139044644,0.0004701218954553836,-1.917529923307495,2.2702410588554063,0.02789166002179444,0.014787569201234807,0.008622649392703852,-7.8653614753441,7.302834345024323e-05,-8.988570978951552,0.01740812548380848,1.1232095036075176,0.5737370084574858,5
114,148,aqua,5865,2.341698010454235,2.2544698567900863,0.0003046574070767073,-4.862812233320901,2.7276968362874228,0.01820530874730586,0.010774592597964965,0.0130076764874279,-5.8896355845603825,0.0005989392969645291,-5.716217905148433,0.056584095567171526,-0.17341767941147523,0.9052357383789484,5
115,148,terra,5865,2.3686319039421715,2.3191799823384214,0.00016234096842057398,-12.110197784105743,3.5484450308788205,0.015207256258942259,0.012177075579379082,0.014372052791291223,-2.361266607034219,0.02976985545066646,-1.9424648186096167,0.27378998337214544,-0.4188017884247266,0.6156101608812816,5
116,149,aqua,5959,2.3674185045118072,2.3011861390928767,0.00022852928816722188,-7.477345755727322,3.0338201886464944,0.021318929758723626,0.013746297302599908,0.014260222454727328,-3.5340849592349475,0.007846536180804886,-3.4132891238621426,0.14821550011002013,-0.12079583537263971,0.9161247254729761,5
117,149,terra,5959,2.3793000682139565,2.316089712339923,0.00022058084843447318,-5.664053039057295,2.791990480052741,0.02087516179229587,0.013660592969908847,0.008759209341182017,-3.602959659620568,0.0072663518742605016,-4.944290095648007,0.09205861517907618,1.3413304360274036,0.35944093830965773,5
118,150,aqua,7323,2.3748506485823224,2.3178393526903722,0.00019403914552878658,-5.368545780103101,2.7581447951485205,0.02104033530272803,0.01553192891654398,0.00891751089223597,-3.7017830896867103,0.006509470506797177,-6.098988619395344,0.06698460313856601,2.3972055297082573,0.15771251322157054,5
119,150,terra,7323,2.361470136384285,2.297140717939926,0.00021866143727302686,-6.018406762399893,2.8586243265734046,0.01739215296027924,0.010380435814994649,0.00546285868980681,-4.482971153884032,0.002750587966768303,-5.551662838707326,0.07136089038312575,1.0686916848235626,0.463747577368795,5
120,151,aqua,6840,2.3722066077984194,2.3176661851773295,0.00018336782187075825,-9.726850354664958,3.2884823322695302,0.019135726278895482,0.012726939066938003,0.009434678724073331,-3.2917018227553214,0.01029338831407045,-3.1082328474521113,0.16777502675851896,-0.18346897530302098,0.8620061365153967,6
121,151,terra,6840,2.348001534643354,2.2902532206130086,0.00018848701359742824,-6.5825911989438275,2.9468752423332725,0.0241154864153037,0.017595602527057108,0.011215622314797058,-3.709547542990226,0.006453526406229981,-4.787548113355026,0.09346981682843865,1.0780005703646438,0.43388880384277806,6
122,152,aqua,6715,2.329726655576767,2.2530798144913136,0.0002559409013409283,-5.32159347492515,2.804231512452371,0.017059898757502523,0.010900089124525364,0.011316680679942848,-5.584007519366038,0.0008321961611876816,-5.876244027557142,0.0552112320664205,0.29223650819107405,0.8352292480669142,6
123,152,terra,6715,2.3310565294151906,2.2698555159451037,0.00019606634923635409,-6.733312434341584,2.9868743580312787,0.017652490595926884,0.011168912996592395,0.00856558386500443,-4.150496966973412,0.003962338718534131,-4.735956982733976,0.09151615726207298,0.5854600157602707,0.6516878242158315,6
124,153,aqua,6385,2.3363271942519233,2.272045783753837,0.00020971150920559404,-8.839973992956358,3.235053658126918,0.014995779734335246,0.008698294689400587,0.008065493426686943,-4.236459221165674,0.0036047263176655076,-3.4189828793605326,0.13472024658301723,-0.8174763418053708,0.42649170552184124,6
125,153,terra,6385,2.307542446745003,2.2706033169733115,0.00010305504546260147,-25.075920145041415,4.812630442720002,0.013333292185309431,0.00923133163219697,0.010131557065360675,-2.0603419821911872,0.042361948403518035,-0.830864024640416,0.45674192270039127,-1.229477957550757,0.029620390886431723,6
126,154,aqua,7059,2.3475593367809697,2.248318054017092,0.00035903370791699827,-2.5307753222309,2.3788311240743765,0.022727927944338533,0.012530324574294316,0.008110183757076617,-7.882894964587095,7.1687098577633e-05,-10.231995877017651,0.01367059582751237,2.349100912430277,0.2233739523697199,6
127,154,terra,7059,2.3787608587335516,2.2970737912955013,0.0002984659447835584,-4.506553825352086,2.6370258424634123,0.022725015465344278,0.014954125406618335,0.008640267328825335,-5.805775974531198,0.0006554343724028966,-6.861445870301047,0.042236996834789264,1.0556698957699577,0.4988052922843401,6
128,155,aqua,7821,2.3326964052456747,2.2265253846995146,0.00038072316180564437,-2.764147870383604,2.4310195870118165,0.02270162814779106,0.014121065911118086,0.009515227907119339,-9.951261342367701,8.149272095248072e-06,-11.022754107423808,0.008531842910143755,1.0714927650559893,0.5984729809668714,6
129,155,terra,7821,2.3346663022652523,2.247375725826825,0.00030169712933538926,-3.13569392511675,2.486096887517518,0.02439394537863615,0.017045481345412034,0.011211223803024806,-7.698997632427513,8.708062988316279e-05,-10.241956553915843,0.014167758077389975,2.5429589214884007,0.1989736513474687,6
130,156,aqua,7398,2.355078103932138,2.2750691176948834,0.000280639343711028,-3.50162725962758,2.51894452032462,0.019521701138640213,0.013478798398023295,0.01051834671283447,-6.222587541474377,0.0004190730002990861,-8.871612448549618,0.0248583676394323,2.649024907075445,0.1520227705247149,6
131,156,terra,7398,2.359205976012349,2.287386045821971,0.0002485214671623554,-4.954508036815815,2.7202215046531184,0.01833789669858621,0.012140767532346317,0.009359627243392774,-5.2565261044499625,0.0011853430653760988,-6.658202021393196,0.0470707540203969,1.4016759169433133,0.3798701322725585,6
132,157,aqua,8454,2.411909939356567,2.2439767877266314,0.0007373467097807543,-1.0868004143483971,2.0794336235264037,0.0274635612785048,0.011509554237453479,0.00936386599709299,-16.74501876084114,7.162995419029983e-09,-16.65474743494647,0.0008943423798508563,-0.09027132589454645,0.9729331563931612,6
133,157,terra,8454,2.3989913781275627,2.313627126564747,0.0003238968329915597,-3.6529591578207845,2.495043010309998,0.018928904077363806,0.013295022873465831,0.010715734488590811,-6.940092822930971,0.0001948418247521566,-9.299910379952589,0.02022736735710902,2.359817557021465,0.22587424099425812,6
134,158,aqua,7102,2.385738356810278,2.3359912055690244,0.00016815824640699042,-6.54444492380971,2.8971062546788104,0.02541970519836506,0.020772654902541376,0.014530915768794311,-3.0098623405753067,0.014146853487711608,-5.041499194701133,0.09513570120843413,2.0316368541254803,0.2057852144061303,6
135,158,terra,7102,2.3873300479436774,2.331680273926051,0.00019226911886974696,-9.232201049200945,3.213696104583285,0.018060188695888546,0.012036971389433382,0.009538039343231941,-3.1900606979851442,0.011540553772551365,-3.1748361552507944,0.16413045374462976,-0.015224542734380009,0.9887115843285106,6
136,159,aqua,6903,2.398703445572284,2.232366169327529,0.0007169594953630942,-1.1266054220308064,2.0981154832497095,0.02514304324341199,0.01016747303359855,0.013645703244215768,-14.37706407480205,8.217457303505427e-08,-14.105266929064415,0.0020768255686182692,-0.27179714573782654,0.9077685989051563,6
137,159,terra,6903,2.4059146550721624,2.2803043990417287,0.0005170272760221578,-2.000185128194751,2.236907276273108,0.02248479456744404,0.013543518435515073,0.012308300793798355,-9.01773335530703,2.1682754304697127e-05,-10.37908377161895,0.011155443487385815,1.3613504163117227,0.5365419627908317,6
138,160,aqua,7106,2.4318595303807795,2.3508256670613603,0.00031920637180629706,-4.108867822809902,2.5263454972731143,0.024865020931586768,0.018213458617960948,0.012145648490367117,-5.109802193021574,0.0013895565393610143,-7.02418311136293,0.042054929797122234,1.9143809183412603,0.2724410254770798,6
139,160,terra,7106,2.3953632398026556,2.334446720312278,0.0002165356299497818,-8.330664851998474,3.1007146346591345,0.014809683047365352,0.010284343121940182,0.007204436234826139,-3.678650701989854,0.006679096180296384,-3.673023551384812,0.13154512504129212,-0.005627150605196363,0.9962051855316119,6
140,161,aqua,7280,2.4263640661497945,2.4015974636708863,8.096492182358455e-05,-14.833576984443557,3.7358153482085674,0.022879436671648934,0.02113581430589004,0.01767311154465412,-1.0067072705833038,0.15591406229796811,-1.7918192687097783,0.3308143709034552,0.7851119981263981,0.46836750036542285,6
141,161,terra,7280,2.4427667149301757,2.388175675219533,0.00020493496545782576,-8.660837374551779,3.0818814614330026,0.019418228324089848,0.016057074796266252,0.01247673441879768,-2.914900260565185,0.01575691011128555,-3.4430462071042296,0.15391628904162402,0.5281459465388743,0.6450776107422895,6
142,162,aqua,7584,2.4062602546636827,2.315955458182666,0.00034964806065324977,-4.961794981521397,2.6693559086393344,0.019644837177080876,0.0126620549133305,0.01223829038859725,-6.573940661097472,0.0002878445354429493,-6.478913541997693,0.041897855313982664,-0.09502711909932238,0.9529002983335336,6
143,162,terra,7584,2.404954883289463,2.343462433007801,0.00022222444376295954,-8.914332746941183,3.155836597807203,0.014301389026463607,0.009066762616904755,0.008468649504426273,-3.952651065648011,0.004929010839034298,-3.654845241761837,0.1299196728752724,-0.2978058238863017,0.805541831273327,6
144,163,aqua,7885,2.3968504286191132,2.3615055851538935,0.00011526186237773704,-9.411624270836406,3.2217706234266377,0.020254175016269083,0.016008853960731206,0.010192529853357668,-1.9902730754054465,0.046028636639178444,-3.6636269675017346,0.16486187845741895,1.673353892095733,0.24980293789346808,6
145,163,terra,7885,2.4025446154963133,2.364071215083813,0.00012835454611451658,-7.696552578737721,3.0176906411881195,0.02443159408847395,0.021183753302018105,0.016434750793635752,-2.108399667420221,0.040025593962096595,-4.36136887262167,0.1287120286805551,2.2529692052013353,0.17638058463095563,6
146,164,aqua,9349,2.3513737972435873,2.291575061169321,0.00019751392853954743,-6.259057543129595,2.9015927137332236,0.018344687463054288,0.011450130212158682,0.007361032759296227,-5.432967311583953,0.0009794930694030368,-7.0570510130933375,0.04370987806720158,1.6240837015090435,0.3273101481664141,6
147,164,terra,9349,2.379429004253258,2.292217766812968,0.00032281929456743166,-2.700436866221338,2.372805446487515,0.026099109202997406,0.017685480056214786,0.009263718304556079,-8.088388476529282,5.7697134052348e-05,-12.513100774097069,0.007963970413463532,4.42471229756746,0.051002836919434295,6
148,165,aqua,7426,2.3987308142742902,2.354749266560028,0.00014907663608492458,-9.286839329016377,3.205473912847375,0.017179217502388044,0.012877137818067763,0.007569736789020842,-2.5572406634047233,0.02372695782135248,-3.543733085377136,0.15849424480736185,0.9864924219724891,0.43630258176849523,6
149,165,terra,7426,2.3888600402795017,2.34472433850447,0.00014711717074713016,-6.201787262696767,2.850308916623497,0.02347184659781759,0.020425094771995056,0.014791158249242486,-2.450661369172453,0.026836132265874002,-5.12081476798652,0.10352492241835799,2.6701533988137243,0.12003027129832006,6
150,166,aqua,7864,2.406188197996182,2.3584990505211314,0.00016576455058425272,-8.890068268469811,3.1515758064823176,0.015497467510865226,0.013022215956579986,0.010121975146836784,-2.9438949476400413,0.015246223056411545,-3.871679187431722,0.13674358353583457,0.9277842397916363,0.473322466805547,6
151,166,terra,7864,2.4041381736169094,2.3352229523711143,0.0002537135535248599,-3.7400549307515036,2.502311876217311,0.02051102544199468,0.014026370809449296,0.006900692254546814,-4.654913495410474,0.002279280041797782,-8.255094296616143,0.037170529907873576,3.600180801205939,0.07026314230416024,6
152,167,aqua,6886,2.424857218551816,2.3574578465968825,0.00025497038183539515,-5.585905495485851,2.7315112081319963,0.019079339837643206,0.01351435227504813,0.008441064197111908,-4.062778937282028,0.004364555181782581,-5.487219883383803,0.07500433384782457,1.4244409461021394,0.3412818663317756,6
153,167,terra,6886,2.4314997417699153,2.3630907847518072,0.0002617986479134253,-4.8647187153746625,2.6297696157671533,0.02503999182680522,0.020041610848570618,0.014577708263285777,-3.695990305805724,0.006551530732425315,-5.579639748883821,0.0755336941937845,1.8836494430782054,0.23173110532330543,6
154,168,aqua,5923,2.44708634342925,2.41438607834828,0.00011476501298452134,-12.596261208379065,3.492010005740807,0.024338133154644115,0.020666756872997072,0.015973868889321896,-1.1442693556399997,0.13033257915297303,-1.7644299595426407,0.3270757491807995,0.6201606039025931,0.5317061792313114,6
155,168,terra,5923,2.4469299412440706,2.409340149658393,0.00013440727791142433,-15.720509241199139,3.7893240483612525,0.019614831794265986,0.01554079109372608,0.012438190054815779,-1.3991671492575097,0.09436229225372017,-1.3156046689231538,0.37358449413605765,-0.08356248033425029,0.9093717485091628,6
156,169,aqua,5276,2.436298251377784,2.389511794888163,0.000169828533749003,-9.204477855684653,3.1503317474473227,0.019348910359261895,0.014138690470988369,0.009814777273485953,-1.8243188147496454,0.056115095306471074,-2.4690867515129877,0.24265472827727153,0.644767936763416,0.5307536039890413,6
157,169,terra,5276,2.500101943481492,2.4699416384534922,0.00011401915794233663,-14.864059594357173,3.639667409980439,0.01823158220550225,0.015210407302321705,0.013793038707772293,-0.7498267207391827,0.22072469330609346,-1.1220854781762348,0.4440781678455554,0.3722587574371392,0.6166105556557824,6
158,170,aqua,5578,2.465787417123143,2.446515251913569,6.535473529474691e-05,-45.856492198605,5.893826702156476,0.01232417106229311,0.010113127048833104,0.009325475066100375,-0.4954908072925166,0.3195025776144135,-0.22832124358089168,0.7129811660021326,-0.26716956371165335,0.38128336776253224,6
159,170,terra,5578,2.4583732093494364,2.3902145664154233,0.0002710295924480507,-7.3732494210053465,2.9156003707350235,0.019907294848317325,0.01324014382726868,0.0104209872896186,-2.889151657598143,0.01622519638397346,-3.0469016062458554,0.17304691273571882,0.1577499486477434,0.8839928317235165,6
160,171,aqua,5510,2.442283420478204,2.410887785235051,0.0001087193569357869,-12.594053980046676,3.498029327593418,0.019292916524542236,0.016665012398708046,0.012372556246803723,-1.038750119209726,0.1494848080148803,-1.6840924419824947,0.34214753916298424,0.6453423227729571,0.5065649369219508,6
161,171,terra,5510,2.4404549018476662,2.428146903813852,3.8044585981570955e-05,-50.010374735162934,6.1845745122164075,0.019139548861487832,0.01780834915633317,0.016516112268750993,-0.2633415627687059,0.4680046901776733,-0.18913610450986873,0.7464670987642303,-0.07420545825883407,0.8077616931727873,6
162,172,aqua,4698,2.4053983323089385,2.3974750510009244,2.178188308253643e-05,-420.40612300164094,17.404357069467842,0.015965769808098162,0.016066683994873043,0.015612027296483255,-0.14609641605203505,0.5888187266609328,0.012870793780232592,0.8713851811977193,-0.15896720983226764,0.28642629077922055,6
163,172,terra,4698,2.411933320353998,2.397979659852827,4.1508999428800315e-05,-37.7131670626269,5.507112469000006,0.02051483855695646,0.019000818033965472,0.01814881791785905,-0.28588284697356237,0.4495581285455287,-0.26544116179113164,0.7081280416970799,-0.020441685182430724,0.958982201742003,6
164,173,aqua,3909,2.4782888034996127,2.415235184911676,0.0002546245466939519,-6.439193011876483,2.7821094982599197,0.02264354590498896,0.01802092004327993,0.01668010311434598,-1.8771214891998502,0.05267364249791373,-2.600311717698247,0.23229042254876953,0.7231902284983658,0.4828571743483002,6
165,173,terra,3909,2.549280811525895,2.5207264292124227,0.00011545499938243783,-29.18628864936519,4.696207320710949,0.01569508425539512,0.017975821740285614,0.019293492660507894,-0.45018896216299886,0.3426803959665199,-0.28191517856610826,0.6861169049343279,-0.16827378359689282,0.5573914840113754,6
166,174,aqua,3696,2.5184184182450116,2.4891498083511,0.00011344137303001813,-18.588825176330346,3.941310747263325,0.015032549086683555,0.012700452572441512,0.011035105683330607,-0.4995637364280219,0.3175217260348969,-0.5827616673679721,0.5689398348675643,0.08319793093994843,0.8701492697427009,6
167,174,terra,3696,2.5422002025052324,2.5397824551333033,8.11642386147522e-06,-691.6629668189157,21.251689873943434,0.013457534388465586,0.013725239555829938,0.013597969697531465,-0.012274933860800807,0.8754939179305721,0.014132818231194388,0.7273636644105497,-0.026407752091995196,0.47338347695906824,6
168,175,aqua,4509,2.5083370973371384,2.503634816751481,1.5209077363434657e-05,-607.3462542203953,20.155094508453125,0.014655505119570922,0.014893996535759874,0.01485402332760638,-0.04551330541760068,0.7628760671214806,0.024566232896505724,0.6620456960843852,-0.0700795383141064,0.44491376654047265,6
169,175,terra,4509,2.4939278229501705,2.416315644343145,0.000330122104162801,-4.697067270048707,2.54524504988422,0.01931951435366197,0.013461321444776235,0.011427992877228323,-2.508632701226448,0.025095772074988698,-3.5464409560901142,0.1576124233262982,1.0378082548637764,0.370366210915421,6
170,176,aqua,4791,2.4906444388969247,2.433904816917085,0.00022957312062649423,-6.963871737921242,2.8324132605787673,0.02222188348492371,0.016862090768060833,0.014313793271314657,-2.0058801083040985,0.04518395481919335,-3.0239208006523928,0.1978419445620595,1.018040692348336,0.39307914776047337,6
171,176,terra,4791,2.4689604112408015,2.428340540487253,0.00015213272911799582,-13.826931278603688,3.5831398573567634,0.016285245870538423,0.012373016781307422,0.010187799810816967,-1.0625709614833285,0.14489935857680147,-1.0985613534101084,0.4244217405618659,0.03599039192677189,0.9557358578523769,6
172,177,aqua,4080,2.482363106227909,2.4247287126684594,0.00023091754661857405,-6.143689567211754,2.7415847219369063,0.023277237119642857,0.018509295262028047,0.012212206501072853,-1.6496679628515105,0.06930789739550591,-2.7274341420958343,0.2286594891340874,1.0777661792443247,0.34278224251649236,6
173,177,terra,4080,2.4613954797042847,2.4396158778542265,7.446665864566472e-05,-31.933952734879853,5.031237057962654,0.01722837578222866,0.015810130856708654,0.014531907442223296,-0.4179851010519471,0.36055184424808495,-0.2944491146714654,0.6806468434666588,-0.12353598638049013,0.7053298825580357,6
174,178,aqua,4415,2.503956278687715,2.4273962318258357,0.0003291407443461439,-7.102639157315226,2.834945281883198,0.016972873942830646,0.011943181510541606,0.009709336823306325,-2.5342293123510613,0.02436503965904302,-2.5026495140977882,0.212761271948116,-0.03157979825334678,0.9724574585252561,6
175,178,terra,4415,2.491367871970823,2.415028682871527,0.00032277931650606634,-6.861248192531419,2.819426846483041,0.021770323717134055,0.01437971421656925,0.01118463691145366,-2.4563940703707114,0.026658575900482484,-2.486620516798844,0.21684847206981905,0.030226446428083698,0.9746881601043039,6
176,179,aqua,4444,2.495377048505171,2.4116838952465853,0.0003607072154278528,-5.198791029953121,2.6093319376867914,0.018975264189347835,0.01306698612840504,0.015111170029607768,-3.147745435079406,0.012104549170382284,-3.677526510362986,0.14083000419407404,0.5297810752835472,0.6280938171495192,6
177,179,terra,4444,2.5494122493753357,2.5343201520854137,5.71587759655567e-05,-56.36438600610473,6.292808225418419,0.012360342025770521,0.01087758582116316,0.010571004876390067,-0.19176232241274782,0.5357229163443855,-0.10035296845850095,0.8126388079598996,-0.09140935395425132,0.6326516446910073,6
178,180,aqua,2937,2.603573071525541,2.537639546801006,0.0003138394587863235,-5.327770690890534,2.5255839966018536,0.025184965271940862,0.019555433769150365,0.013117476806989936,-1.0612456250889721,0.14515027370823597,-1.9397219701238955,0.3153244533886854,0.8784763450349047,0.36985829950786075,6
179,180,terra,2937,2.671574808755662,2.629801227750005,0.00020498870307079537,-9.998993272881016,2.9824150632656905,0.025626502204615598,0.022744896970012474,0.020482840006296188,-0.4558208871156575,0.3396791826778085,-0.9029390011813723,0.5049303478353903,0.44711811406574764,0.5307160192283467,6
180,181,aqua,3173,2.5365217932082915,2.532917343022546,1.2147059622530248e-05,-628.8101615624989,20.315936931755274,0.01888063994996511,0.01863039571553249,0.018613199158514393,-0.019566703923523665,0.8431846014310195,0.011300131150028925,0.7985045050760806,-0.03086683507355259,0.4978634697829325,7
181,181,terra,3173,2.524629215125314,2.4851087354843138,0.00015966383777282127,-13.727511065094403,3.503422698598662,0.024511824891690848,0.021285824129993913,0.01785639741717704,-0.638827921766393,0.2583353468946188,-0.7491827650646856,0.5113987648538625,0.1103548432982766,0.8512530175669775,7
182,182,aqua,2548,2.556783711219493,2.467504295912758,0.0004188862295936306,-2.1883850965982043,2.1359326829928413,0.02789020834365441,0.022017666984289475,0.017369136321802717,-1.515833557345771,0.08165407876791742,-3.204207659683737,0.2107496099627637,1.6883741023380248,0.1848517967168184,7
183,182,terra,2548,2.575479994953813,2.5211130086209783,0.00024443182939175447,-9.32263174887926,3.00837205921774,0.021680102238813337,0.016723186514917443,0.01372971124042835,-0.7586552160095819,0.21802695920070425,-0.9809841311306391,0.45744823547265445,0.22232891512106256,0.7356283941432828,7
184,183,aqua,2703,2.4893727395107383,2.4442736634984534,0.00017642877299647928,-8.791389619958835,3.043302107000578,0.02842981354378976,0.025992595839210153,0.0225476898841402,-0.7558029005427622,0.21889421880392002,-1.2178643501964643,0.4101019315187002,0.46206144965375096,0.5588942759823301,7
185,183,terra,2703,2.4980910613194203,2.468165108533128,0.00011261412000405046,-27.641076504649682,4.669505624387123,0.014524872056935645,0.01297575870955181,0.013647651426184737,-0.3937939357838962,0.37483049815403213,-0.2356970974797905,0.7075149516000057,-0.1580968383041088,0.572903571945601,7
186,184,aqua,2623,2.5271089121845405,2.5198863621183323,2.5096622268778597e-05,-546.5549365468387,19.005020413772158,0.019412296907623916,0.018589954630213845,0.019143569973244845,-0.04804838838215986,0.7565649098089209,0.011067871099804893,0.7845905153673024,-0.05911625948196475,0.6146697757488195,7
187,184,terra,2623,2.5286738639879767,2.520720087359031,2.7702783227631816e-05,-200.28638413815867,11.58887946576059,0.017607220615432684,0.01669928471115728,0.01689888786269983,-0.04897488644961889,0.7543039983010481,-0.005946408774245349,0.9541028870115807,-0.043028477675373544,0.6359057860005404,7
188,185,aqua,2169,2.5433928950817943,2.5390757375652186,1.4940552967037302e-05,-769.8667039100828,22.41389349612406,0.01800742474796338,0.01787647320851403,0.017894505109911613,-0.01792771391453085,0.8498143598009399,0.012944668211282817,0.7021121402143187,-0.03087238212581367,0.48229459980468825,7
189,185,terra,2169,2.5103164467130115,2.5039548485744154,2.1116553160003018e-05,-612.7100381913249,20.22573609613203,0.01904970938672615,0.0187416672544872,0.018908843730116864,-0.030221914987370813,0.8057958194182635,0.008098838920941542,0.7937900587846078,-0.038320753908312355,0.5573463473239775,7
190,186,aqua,1948,2.49764809804813,2.4869833548256164,3.6220573358568335e-05,-480.10529378462843,17.99884507594193,0.01577126916893068,0.017008235604611954,0.01609675046091852,-0.07390060164150247,0.7006455253652207,0.008248700601775738,0.8375270955800949,-0.08214930224327821,0.6131550017693627,7
191,186,terra,1948,2.5596592824086377,2.560028675782494,5.365961700402664e-12,-925.6193673244309,24.42720565862079,0.04375274887106961,0.043667144063951335,,2.2971806977079012e-05,0.9945918427229743,0.05647575841003283,0.0036497710401661955,-0.05645278660305575,0.00491457172005449,7
192,187,aqua,2374,2.568282384473501,2.568152859753914,6.880098178689813e-11,-925.6295285657642,24.356432615644067,0.02681050468310575,0.026840556470567267,,4.191668343533905e-06,0.9976898088868059,-0.5980063466194521,0.07467192984964742,0.5980105382877956,0.07393927687245298,7
193,187,terra,2374,2.568608277272645,2.567762814476878,3.0338089292821058e-06,-913.1931989863257,24.193061334356145,0.012902341381229698,0.012925579205551596,,-0.0015046592342553566,0.9562521858297921,0.01466655564402286,0.538904972932037,-0.016171214878278217,0.20197493625092744,7
194,188,aqua,2532,2.5022547269103415,2.488820983340665,4.6887465131889236e-05,-121.82839878615883,9.189707157848558,0.013957529879917663,0.014757157895100015,0.014281177007543722,-0.1364521970281607,0.6013901010334454,-0.018841148765566196,0.9163970750787714,-0.1176110482625945,0.39822401390523177,7
195,188,terra,2532,2.5521784927866573,2.5419543064368195,3.779442029488224e-05,-44.379741160477636,5.639533403871767,0.023049820766455842,0.021966861178370156,0.020122116152972103,-0.057779172278206836,0.7339026643958552,-0.08174701311139998,0.8373703900494581,0.023967840833193144,0.9206034037845637,7
196,189,aqua,2135,2.59372113950909,2.5066638362695004,0.0004247708708970067,-13.676414148360633,3.417014316596135,0.02610865454749811,0.028658025021010503,0.028874600704355657,-1.2539283961710161,0.1132798971767407,-0.5217799248257435,0.546934688284448,-0.7321484713452717,0.04811864540369559,7
197,189,terra,2135,2.629927545558173,2.621495515528211,3.46229613399061e-05,-266.6780890268881,12.908802526790083,0.021119670458978335,0.020268494621109023,0.020635693433157964,-0.030684674832512027,0.804344573024005,-0.001960496989041438,0.9760355481217835,-0.02872417784347059,0.7246005442227057,7
198,190,aqua,2184,2.5864726426233453,2.570178817298322,6.596915759147216e-05,-17.303580167882828,3.7446569559664105,0.02981706810691713,0.029031686138730653,0.026373777795026823,-0.11435315618903674,0.6324847418437136,-0.38629616045765847,0.6627993608841679,0.2719430042686177,0.6765711830073655,7
199,190,terra,2184,2.6342371422994333,2.59660557281243,0.00017497811171159538,-14.302942109937991,3.4281879254887824,0.03268224607001227,0.03040441262781199,0.0274878962993082,-0.2910612266740844,0.4454815874778526,-0.40112635980443834,0.6318374413375112,0.11006513313033972,0.7985858747766026,7
200,191,aqua,2741,2.4802146642397154,2.4663853807624285,4.634421699734279e-05,-355.7823989130661,15.612589774141803,0.016887479462515703,0.016068169094210716,0.016595528273968957,-0.13897065529794528,0.5980537402347245,-0.00021129410366071966,0.9971652396456351,-0.13875936119428456,0.4753610685221664,7
201,191,terra,2741,2.506612272672842,2.4914375154107558,5.376588823338642e-05,-366.04535389173543,15.69502125676123,0.010620624390853095,0.010993883941610494,0.010212181094304995,-0.15402695327191163,0.5788768484259614,0.0014526690315097568,0.9802328541309271,-0.15547962230342138,0.49866567177562016,7
202,192,aqua,2429,2.5911884387960553,2.5638972603698047,0.00011623890439187361,-18.63500212130302,3.849208399224201,0.021745571542064357,0.01909298016258454,0.016350530856046763,-0.289559174534499,0.44665810757623914,-0.4139147223383395,0.639006541356453,0.1243555478038374,0.7897406371674961,7
203,192,terra,2429,2.5372317251437133,2.530232158125701,2.468440242183315e-05,-64.410036165658,6.719712611327097,0.024721266333505076,0.02393308390766946,0.022638101176945813,-0.032665927193771704,0.798258971557941,-0.040598936708204025,0.8860573250833621,0.007933009514432321,0.9639017307288233,7
204,193,aqua,2104,2.497051361957223,2.4966514716305994,1.0702351301066979e-06,-972.8713865492412,25.567126433089978,0.023599336503785928,0.023650939106934277,,-0.000559738211818317,0.9733088975066214,-0.7860207178156466,0.05375721642599675,0.7854609796038283,0.05584649231786429,7
205,193,terra,2104,2.5133840565225514,2.513311955420077,5.022526215136029e-10,-737.1723948017516,22.15515298250704,0.024862179748591104,0.024858144747719996,0.024717501943523457,1.9821804158048906e-06,0.998411356819442,0.01185663945880755,0.7412618677290651,-0.011854657278391745,0.7352851537119542,7
206,194,aqua,2522,2.6439219675535646,2.619020556657537,0.00011290154552758336,-13.725608685020262,3.3656087246859165,0.021135570905112533,0.019279642309176337,0.014871340173366443,-0.2120577025022068,0.5148906477077817,-0.5777646906596292,0.5976835344835352,0.3657069881574291,0.5819079685583106,7
207,194,terra,2522,2.6174457813102863,2.6010989553394985,6.910186780451977e-05,-56.038719299458364,6.139989990947539,0.019676772302322454,0.018294968671545342,0.017537659842748743,-0.10467770651096142,0.6472730943684619,-0.05453527812122827,0.8602232092561478,-0.05014242838973315,0.7345488390832393,7
208,195,aqua,2045,2.542920977802104,2.530065498986823,4.766571749314004e-05,-40.03516239778426,5.402157044432469,0.02602647502325689,0.024624366263135522,0.022878061785818027,-0.07573954464386112,0.6971258759928165,-0.08985660175479415,0.8261326627676396,0.014117057110933029,0.9519414281592955,7
209,195,terra,2045,2.545385797764842,2.5317609712233247,5.088547145058167e-05,-20.779626233390378,4.082629326430972,0.034024098969674677,0.0326591450605736,0.028609119567467534,-0.08870708784033976,0.6736049397106005,-0.2806980320411956,0.7124211488996529,0.1919909442008576,0.7209749589009526,7
210,196,aqua,1970,2.673239786064569,2.662358050394574,4.8498538101101135e-05,-46.0454032493527,5.517655792917582,0.014544984367068414,0.013576300591044588,0.01238695493682454,-0.04890093678569496,0.7544835895291362,-0.07303187975201242,0.8461162662987345,0.02413094296631746,0.91347403876282,7
211,196,terra,1970,2.78593755598566,2.782430447297626,1.7323210821251742e-05,-815.0840529420104,21.434214805404032,0.026658815809159464,0.02688508116306132,,-0.0038209122071850565,0.9303396364162655,-0.11044265072613291,0.3098003240746354,0.10662173851894785,0.37427107804159765,7
212,197,aqua,2108,2.6244405477379975,2.6232424096470557,4.331335701777241e-06,-788.5915232798598,22.103836447029295,0.015315947419288212,0.015446323044664478,0.015549419528831543,-0.0015550045203922558,0.9555270617016733,0.013824427929714389,0.574029045020236,-0.015379432450106645,0.16152288886889388,7
213,197,terra,2108,2.5819140189079213,2.5819132755591787,6.067611846879712e-10,-858.499697318776,23.363434030192906,0.027713765211975272,0.02771389038444383,0.027882862409079723,6.997030519428904e-07,0.9990561307401268,0.0235995911171778,0.32997242454624287,-0.023598891414125855,0.3299492766653995,7
214,198,aqua,1187,2.6414953820751204,2.5273903733276617,0.0006065524974626136,-1.9361733002613692,2.0336340204950734,0.036181302255451964,0.02750234286408265,0.01883608058931452,-0.8399568391079617,0.19493592304191165,-1.4835136533400615,0.3805204460279127,0.6435568142320935,0.3952243626267412,7
215,198,terra,1187,2.682923327289971,2.675056669756578,3.5073717787983966e-05,-442.5806419868968,16.30995290427027,0.027651880166541465,0.028338741248869315,0.028086773563805845,-0.014621400083073777,0.8642196268368699,0.004991161705754532,0.8757855447768704,-0.01961256178882831,0.772685948475577,7
216,199,aqua,1052,2.5703855699944294,2.570316057250354,5.107080783318932e-10,-921.0316692507735,24.30251025540265,0.03761582362706167,0.03762912391487083,,2.173339576749811e-06,0.9983365163409551,0.03276023426553243,0.44524614730573775,-0.03275806092595568,0.4335879053512123,7
217,199,terra,1052,2.433059219534952,2.4303177092864017,7.43391086185244e-06,-1016.8530483108977,26.706801630621698,0.04316277652435291,0.043362070585129364,,-0.005275758298314948,0.9181847432711391,-0.7810074339019879,0.24989629519641132,0.775731675603673,0.26644037623249583,7
218,200,aqua,1518,2.5619259625684014,2.561832374440119,9.968465852358547e-12,-928.7230663720957,24.453365346765136,0.03435992146226596,0.0343799867603779,,1.4722568639768951e-06,0.9986308638419211,-0.12269700246620774,0.173468335419519,0.12269847472307172,0.16983238603319084,7
219,200,terra,1518,2.5751271830732314,2.5754988086738764,5.44632980380786e-12,-925.8905771197509,24.336985717735114,0.03378496891097649,0.03371498194262068,,1.8700555336703673e-05,0.9951204518936618,-1.3632613069195867,0.1462062392031918,1.3632800074749234,0.14730395600464108,7
220,201,aqua,1103,2.5346112951304827,2.534285153610475,1.070427653100154e-06,-936.5723507976215,24.77466545563384,0.03434957517520687,0.03437402662283576,,-0.00019802714369898666,0.984122257501425,0.01244734858478358,0.5130547896986721,-0.012645375728482566,0.4073349862842158,7
221,201,terra,1103,2.6694263916146665,2.225819042198099,0.002956516767403496,1.3884628282380214,1.426473509489918,0.047849386001722616,0.028925815547126255,0.032784434582707966,-4.155278035998859,0.003941532200869791,-3.628935892064473,0.12065639551610052,-0.5263421439343903,0.4954649419545957,7
222,202,aqua,987,2.614002068371626,2.614010874596916,2.5429075380998645e-10,-902.5175609479247,23.723013549574073,0.02789661358075113,0.02789459774403613,,1.097390779136731e-06,0.9988179507989039,-1.2147919251777766,0.20515282800447776,1.2147930225685557,0.20517525687112437,7
223,202,terra,987,2.6341951113129376,2.6341447398917435,1.9687935288701135e-10,-890.1031711431115,23.404688858805372,0.04315998531955856,0.0431710192703153,,7.227895224559688e-07,0.9990406857871044,-0.7738787671694456,0.2568064258292533,0.773879489958968,0.25665006152868963,7
224,203,aqua,1137,2.6696992873341143,2.648661306469998,9.746744280818882e-05,-32.734320779416166,4.747187836015076,0.03124281775650717,0.0329480070187676,0.03463836360473033,-0.06631200801794668,0.7157267340402627,-0.06445865888527624,0.8546978857148761,-0.0018533491326704343,0.9906513440762833,7
225,203,terra,1137,2.6765819570941876,2.6765819570941876,7.806255641895632e-18,-869.7673066091195,22.863174925439935,0.025454430748166,0.02545443074820547,,-2.6645352591003757e-15,0.9999999417540417,-0.8370179088309753,0.21202224809389603,0.8370179088309726,0.2120222480939158,7
226,204,aqua,1497,2.564963894577735,2.5651848710448286,3.625361225795933e-10,-931.9242276196215,24.496502031325996,0.018665039164726005,0.01871271827335169,,8.37524654118127e-06,0.9967344777519278,-1.0041711116127199,0.13603339313323948,1.004179486859261,0.13697361084855755,7
227,204,terra,1497,2.620798779427247,2.6208012671321406,1.0805841293532473e-10,-894.0791489501457,23.55265105616579,0.030371315088346534,0.0303710306037783,,9.330511501204342e-07,0.9989100473025772,-0.07362338182980865,0.2290205865915479,0.07362431488095877,0.2291374275045327,7
228,205,aqua,1120,2.6943692298959245,2.6943444435904738,4.294470196220992e-10,-855.0941564187859,22.52936860079968,0.04696518074174455,0.04696947009015273,,1.5419118719606217e-06,0.9985988500609142,0.014734115688261884,0.49696532546217376,-0.014732573776389923,0.49559660515867643,7
229,205,terra,1120,2.602034773806552,2.602015873672772,1.005870385147786e-09,-909.7986498839509,23.90297624269283,0.05485130125658788,0.054854742308552584,,1.9106998161433353e-06,0.9984402642963753,-0.9950913277594622,0.10323202016972809,0.9950932384592783,0.10317330582383896,7
230,206,aqua,1078,2.727889908654628,2.7278898069429487,3.340753776587218e-10,-841.3806088510427,22.13498153701554,0.03247552946798471,0.032475538801795545,,2.4492627996863803e-06,0.9982340744183288,-1.245946311520727,0.07487653840240739,1.2459487607835267,0.07487649454546493,7
231,206,terra,1078,2.548408346213351,2.548407005208083,1.1987291005407968e-10,-940.1410892851345,24.719487425834718,0.04291178857728578,0.04291206931517938,,6.098928349018706e-07,0.9991187852930696,-0.2811648546746004,0.33497079925501105,0.2811654645674353,0.3349593741176784,7
232,207,aqua,1036,2.5517367440146534,2.551770615787442,8.728102196763161e-11,-933.1078072626881,24.572343583027255,0.055200797444866334,0.0551946260070556,,3.202395246759693e-07,0.9993614535729058,-0.04049293227950779,0.3909153077631501,0.04049325251903246,0.38932826832896394,7
233,207,terra,1036,2.5136150935550194,2.512924489006973,2.0668009621241536e-06,-964.1663375075852,25.329500444613682,0.036094214186052354,0.03615721731568439,,-0.0005792263966402089,0.9728484025047831,-0.7167321671749929,0.25059874484018274,0.7161529407783527,0.2539303629084554,7
234,208,aqua,981,2.462053860101446,2.4619070929884836,2.8930642796493363e-07,-994.0584226824857,26.19040739783784,0.027358781694993506,0.027376559321013405,,-5.634059737635866e-05,0.9915305028350924,0.005951424736366118,0.9491222007171684,-0.006007765333742476,0.9480306905186325,7
235,208,terra,981,2.42620894632174,2.4440262790250786,4.366363553406138e-10,-1022.6796666704887,26.855159684726782,0.04349466788337075,0.03892733919841618,,0.03188625027684511,0.8006297459883175,-0.8870122526006781,0.08420246773213887,0.9188985028775232,0.17693896805730913,7
236,209,aqua,1071,2.462313314116294,2.4621964274039243,1.2817243066919082e-10,-994.3102462753224,26.132331424697345,0.02781370098223368,0.027843084886164493,,2.581599340523155e-06,0.9981869945637456,-0.9214080378062044,0.11274734743110496,0.9214106194055449,0.11233426041919638,7
237,209,terra,1071,2.437362413124034,2.437254110734492,2.0670536602929716e-11,-1013.2581679025882,26.649910566079818,0.034287426201698334,0.034315131264128995,,1.5040001231092504e-06,0.9986161826305573,-0.33079827845113696,0.11237306181142345,0.33079978245126007,0.11032306153347013,7
238,210,aqua,1199,2.55545638705952,2.555520900222107,1.1634407132383293e-09,-929.6161410088216,24.53611773992612,0.027085442205196597,0.02707088375480371,,1.321179222024682e-06,0.998703012664084,0.016319498122643772,0.7363861965367617,-0.016318176943421747,0.7414362341417957,7
239,210,terra,1199,2.5576190957233296,2.553666748604056,1.3964913772252458e-05,-574.6700731878,19.294206027553948,0.022931293541033043,0.022648697552945296,0.022682002626018355,-0.007582252847122106,0.9019928734568069,0.0032422482530036767,0.9018266776149287,-0.010824501100125783,0.656861105587931,7
240,211,aqua,773,2.508349520816126,2.5002816421337957,2.7244581792417884e-05,-119.77074817004703,9.096246997870502,0.02411755119980652,0.023378030846184283,0.023100880110990984,-0.019097213810125968,0.8450532431298748,-0.005835085629462,0.9551319252672417,-0.013262128180663968,0.7547275260611435,7
241,211,terra,773,2.5413891511100437,2.5413512100910802,1.8875224010216068e-11,-945.9234301671452,24.900934388241126,0.05756968825233322,0.057573736475047044,,2.0350222751375213e-07,0.9994909744128635,-0.06535734334394894,0.6226129515578358,0.06535754684617645,0.6213693567667977,7
242,212,aqua,1251,2.5232087305348347,2.5205618433307966,8.489778907188542e-06,-544.7833055816067,19.005842272936277,0.02352412564857731,0.02328801542663056,0.02311984927824401,-0.004979129147403505,0.920510195210954,0.005891671978469848,0.8600933462945279,-0.010870801125873353,0.5341557224169766,8
243,212,terra,1251,2.5422340718077656,2.5202523886742734,8.552712629069579e-05,-250.3142697584239,12.867394819377385,0.032100681018444654,0.030403599369490997,0.03177091162481316,-0.10225835941595074,0.6510995184513626,-0.0014066130222301076,0.9792877670015777,-0.10085174639372063,0.6282082626000225,8
244,213,aqua,1428,2.496887963967909,2.494882936726374,6.055857929259792e-06,-971.15709814104,25.552822915280522,0.016944473388719627,0.01704380819259632,,-0.004182582265297441,0.9271260765759564,-0.015281110212747251,0.7600552506848884,0.01109852794744981,0.8110196018717584,8
245,213,terra,1428,2.4535341336937053,2.4336319651724554,6.654259281837558e-05,-89.6979604460585,8.074967516186558,0.0311484672964272,0.032187965638081045,0.03201778169780353,-0.1317166400770966,0.60777119604342,-0.016975711943504557,0.9188714194727943,-0.11474092813359205,0.36669814120606314,8
246,214,aqua,1574,2.4542985286142427,2.453304883046342,2.7805949894172413e-06,-1001.2326104587626,26.31149914901504,0.02849061768751071,0.02861909024074233,,-0.001931794663642794,0.9504371859607305,-0.5932078639295271,0.04489209595272585,0.5912760692658843,0.05073900581938092,8
247,214,terra,1574,2.5488706107853494,2.54871595727451,4.223378503002375e-09,-938.0417912357684,24.682224728076335,0.028874405785606294,0.028909409868769775,,1.3925411358695072e-05,0.9957892732435204,-0.15999491433852686,0.16103135670951274,0.16000883974988556,0.15644686637582453,8
248,215,aqua,1074,2.5328393815700756,2.5332049044703453,5.203922490623486e-12,-941.8435645793726,24.845973881654082,0.0315064627196322,0.031533955360493235,,1.6140728897884316e-05,0.9954667017331306,0.019092072210359134,0.4276319360480779,-0.01907593148146125,0.3355532487952808,8
249,215,terra,1074,2.5695934189136596,2.5695806235179424,1.0280641769907983e-10,-926.905755471478,24.372146027463465,0.03206722078930002,0.032069404994654216,,4.818648764448596e-07,0.9992167189400883,-0.753319779929805,0.2240726577563248,0.7533202617946815,0.22402395484878357,8
250,216,aqua,1251,2.5796492201938723,2.579695650646984,4.800406970119865e-09,-924.9576040148972,24.312409952369897,0.036148508342863206,0.03613759733085742,,2.076439010068043e-06,0.9983740231858805,-0.47579648269380703,0.1562918215083116,0.4757985591328171,0.15694046800380243,8
251,216,terra,1251,2.5054129016104016,2.5005258552142777,1.594170948263691e-05,-966.0147340288884,25.392044770494657,0.03137800674702851,0.031958761518085854,,-0.011083378632884333,0.881644340345214,-0.1980017976432249,0.08427807052151942,0.18691841901034056,0.20650415139447786,8
252,217,aqua,806,2.5841650772803773,2.584538007171122,5.480533967793026e-12,-916.2104771905423,24.099261142496673,0.02815789759335796,0.028085358611167566,,1.046127003423436e-05,0.9963503959389833,-0.7002160322156916,0.2972415624627367,0.7002264934857259,0.2983162983823022,8
253,217,terra,806,2.622871904183531,2.6228588434854117,1.0847944636312327e-10,-896.9219161986371,23.59408959730117,0.029104606569917868,0.029107561350261713,,4.2206941053279934e-07,0.9992669274845547,-0.6974942737696379,0.2721753021500166,0.6974946958390484,0.27212323802435934,8
254,218,aqua,932,2.546572300118118,2.535671724411456,3.996772068465881e-05,-445.3914544483582,17.068650899091708,0.01573730726049831,0.015470932600694196,0.015622054232814986,-0.028910115291406857,0.809974927864219,0.001991621410604605,0.9465920664551671,-0.030901736702011462,0.6969168929440994,8
255,218,terra,932,2.4522870102658993,2.4377043003510876,4.6872464166104717e-05,-39.82721137746746,5.560174925474029,0.04996610760658758,0.049057995906336235,0.04787391621127739,-0.054357377618630576,0.7416121397774809,-0.0462344402691639,0.8686292474917475,-0.008122937349466675,0.9611076511416565,8
256,219,aqua,1090,2.58113753045715,2.5785269735967407,9.553103668532355e-06,-767.871463108202,22.11202788762251,0.053469980676627074,0.05332385775674546,0.05330913046725867,-0.003704703574109569,0.9314044811258848,0.00468316249381262,0.8001077148503776,-0.00838786606792219,0.45306870554490997,8
257,219,terra,1090,2.5855290562608673,2.585472958833271,5.624943230089202e-09,-922.484005901739,24.2207637446664,0.0329890937123294,0.0329840695650669,,6.624046533509897e-07,0.9990816321941536,-1.1696135615412966,0.06488907631642914,1.16961422394595,0.06473163195242707,8
258,220,aqua,974,2.6237379836761376,2.623705955238443,2.050051148492561e-09,-891.9117956537096,23.501007829005385,0.026700496932870132,0.026694403084317586,,5.380761785467314e-06,0.9973825634467306,-0.03377183417558216,0.07094938520127445,0.03377721493736763,0.06843726527488257,8
259,220,terra,974,2.644497910752501,2.6443998752626205,5.048610706635058e-10,-885.7948572294273,23.295385689915154,0.02273854269035558,0.02275991119150511,,2.4403314675680576e-06,0.9982372971118679,-1.0915879551195111,0.14917560259395002,1.0915903954509787,0.14884344197064453,8
260,221,aqua,638,2.6795147448792678,2.6795997872177058,4.559826285292297e-10,-864.6843278458762,22.742935039913107,0.04019568486595387,0.04020601355072553,,2.027022146577906e-06,0.9983934878564398,-0.7720338262854365,0.2193734566755814,0.7720358533075831,0.2196479003013757,8
261,221,terra,638,2.819768443607818,2.819768443607818,2.2985086056692694e-17,-758.4843648847927,20.48722070446879,0.034404602277242236,0.03440460227724068,0.03468512731806972,9.769962616701378e-15,0.9999998884674812,0.004336643961846853,0.7882936377951398,-0.004336643961837083,0.7882936377956907,8
262,222,aqua,622,2.5744128545387124,2.574411499849547,1.230543429809665e-10,-924.1613815499556,24.29555618534097,0.04485393758185552,0.04485421103654569,,4.4356714701265787e-07,0.9992484901429031,-0.8396724454326723,0.13768365375884,0.8396728889998193,0.1376784442425062,8
263,222,terra,622,2.513197150574931,2.513170605790555,6.764273955089315e-10,-964.3255192838549,25.340705498097442,0.03823432064159116,0.038238360836833185,,1.2090165557587795e-06,0.9987592879269206,-0.7914719642641863,0.17385108710726338,0.7914731732807421,0.1737333668811042,8
264,223,aqua,740,2.571292363379997,2.5713180270476874,2.1170089207128035e-10,-919.4033179606694,24.26023063367205,0.03700676188360663,0.03700101781398335,,6.233576326231116e-07,0.9991091109729401,0.015168878191984536,0.3052099521495548,-0.015168254834351913,0.31022960732270466,8
265,223,terra,740,2.5549833765327152,2.5549935220988713,9.38015614632628e-11,-936.5783697479145,24.606990544932458,0.056521305184473514,0.056519031692690014,,6.830724661455179e-07,0.9990674151621626,-1.1573849263088447,0.10468198071228205,1.1573856093813109,0.10471011240111272,8
266,224,aqua,812,2.48894643866923,2.489305627225569,4.906285619263835e-12,-981.4081255369161,25.778735889103757,0.03929532075620257,0.0392272648830953,,1.1711730551144939e-05,0.9961384301059438,-1.123440766371946,0.11850065417187489,1.123452478102497,0.11979520021326567,8
267,224,terra,812,2.484461712580611,2.4844604052248984,1.1043694593251412e-10,-981.7330328171201,25.78654774739804,0.05223099990794877,0.05223129467986248,,5.617492870868546e-07,0.9991542806974603,-1.0605749806207165,0.14259690080951787,1.0605755423700036,0.14259301991458045,8
268,225,aqua,827,2.6026127603397464,2.602599800522866,1.0630259067181965e-10,-914.8105793093623,24.038104276304843,0.030696545255874175,0.030699103271627115,,5.087356620414596e-07,0.9991951757067273,-1.2605869590214582,0.15743309120257765,1.2605874677571203,0.15738575838058777,8
269,225,terra,827,2.7056384018984847,2.705477632898406,1.266035256876355e-10,-852.0032031168919,22.40706299050325,0.05959565013465046,0.059623009691111284,,2.2439078168901005e-06,0.9983097254976588,-1.0250704090981393,0.16529335345390916,1.0250726530059562,0.16482086637683746,8
270,226,aqua,788,2.7778927242897815,2.7779929911793504,1.7491318839605855e-10,-815.9859128534367,21.48253069973347,0.034057770927493625,0.03403745595338059,,1.8215327508563917e-06,0.9984770933337749,-0.5039143800587724,0.09056040488652221,0.5039162015915233,0.09122133344435143,8
271,226,terra,788,2.8498733228622495,2.8499927459653343,2.3387406522644064e-11,-785.8002154902899,20.672199338680315,0.03564968748998221,0.035627678051096234,,8.594121845284519e-07,0.9989539421853286,-0.7349284686507809,0.27999613616564123,0.7349293280629654,0.28032751575512116,8
272,227,aqua,821,2.689503351992542,2.689348504018634,2.6430849245824593e-10,-860.4702374642912,22.642072130364717,0.032163944346020046,0.03218598658331734,,2.5831546746069023e-06,0.9981864485069537,-0.4522411378118991,0.13289602027672393,0.4522437209665737,0.1316213486124832,8
273,227,terra,821,2.596107332132184,2.5958961338814817,6.6798755807980254e-12,-914.3732945414254,24.025964092870012,0.038218741497187236,0.038253167560655776,,3.304447680818612e-06,0.9979488188300182,-1.9056780666373254,0.0412770703400184,1.9056813710850062,0.040913674381764374,8
274,228,aqua,808,2.4266201930622833,2.426504685398783,1.4624933249502407e-07,-1017.0332848114097,26.765752993551644,0.03510939792558687,0.035126654420471914,,-2.1011923998948134e-05,0.9948276854511293,-0.03715506892884779,0.15016797078809874,0.03713405700484884,0.14946522525948774,8
275,228,terra,808,2.6210987715534153,2.621085719684684,1.0717640179495104e-10,-899.3246051897447,23.63119196223681,0.03385065122873321,0.03385339400201082,,4.6958280375264394e-07,0.9992267657482415,-1.656361650368301,0.07938215580026071,1.6563621199511047,0.07935487881758485,8
276,229,aqua,858,2.539665140033899,2.539627224753113,1.867785277268131e-11,-948.6024976736472,24.97390758057414,0.04852162624575623,0.04852920049510412,,2.5505394551927907e-07,0.9994301362318434,-0.050380636112993926,0.7731069018009945,0.050380891166939445,0.7724267597651765,8
277,229,terra,858,2.612912398130761,2.612899387026421,1.0706041292430164e-10,-903.8533820183243,23.763060088686778,0.029623413533375442,0.029625952519999776,,4.818290397778924e-07,0.9992167480672324,-0.7430172694486274,0.10364682791713027,0.7430177512776672,0.10357412847259695,8
278,230,aqua,506,2.5281687431016735,2.52543684291338,8.93453219515212e-06,-43.84128464414003,5.653715159328941,0.049071975742885965,0.048750520775846407,0.04608921419556988,-0.002017557394206282,0.9493504005052245,-0.020066298270479788,0.9261338049923648,0.018048740876273506,0.9252777101952311,8
279,230,terra,506,2.5136386722220263,2.5128643315577066,2.4640548185843715e-06,-961.7902069329731,25.281148422822795,0.04607941140356042,0.04616803270696701,,-0.0003562488100783412,0.9787048746568283,-0.2564197964536614,0.1529697377508565,0.2560635476435831,0.16214132246331214,8
280,231,aqua,697,2.5612164886642548,2.560683028018883,1.8649795354398874e-06,-935.078175796149,24.56001325610756,0.06073815976555863,0.06079709687636292,,-0.00022559894266516167,0.9830530740639745,-0.7439272486791086,0.25790089758197543,0.7437016497364435,0.26018581511858185,8
281,231,terra,697,2.4375923553746572,2.417245433877519,6.622443663737015e-05,-1016.6846867562027,26.67599861814773,0.055737349386456136,0.05703330513922525,,-0.06736829311577885,0.7135706637768153,-0.8922787854235237,0.05624198043404914,0.8249104923077448,0.12570092322879756,8
282,232,aqua,906,2.425660646859959,2.4255426243453946,3.9985444870887204e-07,-1022.1576399263232,26.84799162446766,0.04542701322295639,0.045434695549934206,,-9.653095719563964e-05,0.9889140123221568,-0.7653882280558837,0.1921375708217673,0.765291697098688,0.19313800654003888,8
283,232,terra,906,2.5101561188987374,2.510003814401643,4.028394504769728e-09,-956.2436767359524,25.237798293103804,0.054341368453375616,0.05437051620060396,,8.286677230184836e-06,0.9967517902075022,0.036673578125969275,0.05970457401275637,-0.03666529144873909,0.040135964976307864,8
284,233,aqua,1092,2.453946281946816,2.4384691045308724,5.0291099769806874e-05,-996.0442763834836,26.242005355357897,0.02792673805252821,0.029780091790862606,,-0.07086213331817515,0.7065728395994896,0.00739993500261793,0.5724830887038492,-0.07826206832079308,0.5321345615459255,8
285,233,terra,1092,2.4436987545693825,2.380776936793564,0.00024181870507114907,-25.74505721516326,4.620068569571806,0.02555673547236237,0.030339616601153307,0.02944117233895055,-0.5436944500656233,0.29705046910001964,-0.11957925012810122,0.7619193304583012,-0.4241151999375221,0.09639563227673276,8
286,234,aqua,1103,2.451591361347648,2.4290284461187737,7.602389734189213e-05,-65.96811848845984,6.996000897907257,0.032358234167231825,0.029777580480447097,0.030429864831674314,-0.11501922966490996,0.6314953129463771,-0.021754119958602658,0.9068705425090648,-0.0932651097063073,0.5102610368002223,8
287,234,terra,1103,2.4701355932908395,2.339937822863653,0.0005849645278562157,-4.637196570355222,2.5603797519924107,0.024270121377967913,0.019824886481703385,0.022514958971204146,-1.4948015316678402,0.08380070767616188,-1.023795320301053,0.3878956815132327,-0.4710062113667952,0.29261192424359184,8
288,235,aqua,986,2.405797794296279,2.4005838217742523,1.3917081403527469e-05,-870.0315982116629,24.956059670094433,0.0234062369903269,0.02407671841787201,0.02372758212783921,-0.016337782298704973,0.8565529497056401,0.006408578472540061,0.734926845504363,-0.022746360771245033,0.6243316760245494,8
289,235,terra,986,2.3651999049723127,2.218165849261725,0.0005914249013569856,-5.409508872446326,2.7745578198021934,0.030463166752171755,0.02272481722676095,0.023129732497371186,-1.7624925404219765,0.06045036929318859,-0.8028187044034771,0.41152529550877126,-0.9596738360184993,0.006881524551447219,8
290,236,aqua,765,2.4161145398978245,2.3904141081722945,8.285621653130663e-05,-859.9129791172008,24.72382965136083,0.04147243008574392,0.04396658805768977,0.04180990927920264,-0.11815401335958198,0.6268854621044053,0.004643789082321881,0.8118329610700393,-0.12279780244190386,0.5187958157704332,8
291,236,terra,765,2.6329893355388236,2.552510300203374,0.0004054725315275209,-22.83963246287643,4.122559841556955,0.028781337488287262,0.025861584566149898,0.025093069388599232,-0.321446546567119,0.42266510385809075,-0.07407042324039814,0.8077002474109434,-0.24737612332672088,0.18154057138460256,8
292,237,aqua,518,2.243635393240024,2.1868419394341982,0.00015231044466649512,-1156.460396163316,30.561031067730767,0.05122530614309323,0.05704544463952471,,-0.3571942654492548,0.3979907643757078,0.0025317787875858144,0.7293249777989788,-0.3597260442368406,0.3708876505974388,8
293,237,terra,518,2.6423495458850077,2.6423274390416744,3.5562919995299788e-09,-888.349045407852,23.318170132637853,0.057520866334997645,0.05752377282182475,,6.567541346313988e-07,0.9990855575637252,-0.8746398120592831,0.1621030489005474,0.8746404688134177,0.1620494853256763,8
294,238,aqua,797,2.375319874109147,2.2869768416721414,0.0003257975088754993,-5.974767997290176,2.8368509928054735,0.049737343200703776,0.04058275076774476,0.03645288359838866,-0.6236273375601771,0.2640774679285768,-0.5155756265046385,0.5530747478452263,-0.10805171105553901,0.7510023307623706,8
295,238,terra,797,2.304714909673544,2.1709486827188,0.0004839617795752971,-7.1203244529433265,3.0693547778321078,0.027020926792336697,0.04044674213640159,0.038096941881542445,-1.6506815765890952,0.06922241615450275,-0.613610530129904,0.4692517584449558,-1.0370710464591886,0.021376887283474855,8
296,239,aqua,747,2.34174779078319,2.3420040946004086,3.513570962318482e-09,-1085.4057305446722,28.502844877093175,0.05245824202329985,0.052397961958307926,,1.4011337021280212e-05,0.9957763023626601,-1.243032493115463,0.06340050438740916,1.2430465044524843,0.0641210370724553,8
297,239,terra,747,2.3671927261503383,2.3671739153799063,2.7382663657498836e-11,-1060.876329729378,27.95034678435436,0.050749881253927875,0.050754906188521964,,1.9221773639443995e-07,0.9995052887793725,0.023586981128441487,0.5693038780487492,-0.023586788910705092,0.5667179199794912,8
298,240,aqua,860,2.3321284946210454,2.330356037945532,3.628204540758525e-06,-1093.9527505669957,28.712464870481405,0.03217110244430205,0.032304932973708705,,-0.00401066910126513,0.928635343132322,-1.4504701049680446,0.06942806500392079,1.4464594358667795,0.0733586941796594,8
299,240,terra,860,2.4224428319916944,2.422171756630153,5.757289191993809e-07,-752.4432864246266,23.086142325612467,0.03344317609461994,0.03340694236406139,0.033025635016623534,-0.0001697059042222726,0.9853012985645746,0.006837976868519835,0.7639142231614683,-0.007007682772742108,0.7288130630982528,8
300,241,aqua,1063,2.473166700520018,2.473066067458205,3.838291462564217e-10,-990.5860656347555,26.02054200684516,0.03810102637366547,0.0381171137002681,,1.6407518410588295e-06,0.998554639200048,-1.2564370006432042,0.14864517229111324,1.2564386413950452,0.14835220804316293,8
301,241,terra,1063,2.409216339505333,2.407459851605074,4.42258873638141e-06,-1036.8343033215594,27.220599934193334,0.053669344904504424,0.053878665074666654,,-0.0040015777483000115,0.9287160576494959,-1.236258611147385,0.0372772159476477,1.232257033399085,0.04050630161299026,8
302,242,aqua,1046,2.3660588429071585,2.3390004852350677,8.01355116533264e-05,-1033.4703521083397,27.57453179313839,0.04290115508495196,0.04585199734143036,0.0924024640657084,-0.18550931973420548,0.542449545291781,0.0044283271591094575,0.7265747869173722,-0.18993764689331494,0.5138148800222149,8
303,242,terra,1046,2.362060771292625,2.2956543588819094,0.00022756196135420155,-12.502219495207946,3.5979998458153366,0.0364654467681933,0.0321398500458272,0.03371947578387091,-0.6973594118397983,0.23760981692889382,-0.36550880506090344,0.6192436851621249,-0.3318506067788962,0.362492749704576,8
304,243,aqua,1181,2.3408500318292544,2.2771955055235438,0.0002088852845535363,-37.22311453911428,5.6235902167486875,0.035595977212593,0.03946159920458983,0.03732088722810506,-0.6945345703501502,0.2385623623719496,-0.07380144337102212,0.8104683202547227,-0.6207331269791285,0.22895169875873966,9
305,243,terra,1181,2.3421430560522576,2.269899234357931,0.00024342644007146216,-19.14455759771974,4.25576514743955,0.025779542674130296,0.02876147665754286,0.02706634950928616,-0.9595623318060227,0.16595318900450629,-0.24467549418563816,0.660640076491564,-0.7148868376203845,0.1439994774109087,9
306,244,aqua,1028,2.418352716433546,2.408928843071954,2.71402583543805e-05,-1028.956587531659,27.046927250294935,0.024131877478599018,0.02526009768839288,,-0.04117506346092137,0.7741374976777542,-0.20866774159416934,0.3282399304342375,0.16749267813324797,0.5296527761260481,9
307,244,terra,1028,2.3504727449994016,2.3463162395833295,9.380756692922942e-06,-1080.7862373364114,28.36746265348283,0.05986828749975448,0.06045345792885359,,-0.01289591528295464,0.8724097532064192,-0.9008378191019508,0.21175494953520202,0.8879419038189962,0.2307020516561461,9
308,245,aqua,700,2.3464349381074614,2.3245841817453545,6.0507446321608634e-05,-1027.2578477167249,27.6869884342144,0.020204540379390623,0.022479479978735006,0.020274118989859258,-0.11447441439334138,0.632304353794751,0.004310118553914499,0.7249523018198984,-0.11878453294725588,0.5135386688967878,9
309,245,terra,700,2.3505303228650316,2.2738172045188616,0.000264923914717295,-643.233558746418,21.911954069455966,0.0568507127432647,0.06241529306139476,0.05703148272251796,-0.48561550003736187,0.32437336283118123,0.0025431325112430514,0.8536903788722915,-0.4881586325486049,0.32618012347031755,9
310,246,aqua,1103,2.324434388439256,2.2802868757608734,0.00013126872716808505,-90.06802116642659,8.481760287110216,0.022528203329981844,0.027080383470386604,0.023221931556355158,-0.43294678343096304,0.35209465712513177,-0.015581823090335511,0.9101090663984905,-0.41736496034062753,0.26680509646779205,9
311,246,terra,1103,2.3888313375915495,2.370994607659382,5.203895666135322e-05,-371.6679658934489,16.475149611560237,0.027225256759797978,0.02938176696321826,0.027679078855101458,-0.10957519768329416,0.6396880383137797,0.001651888802599366,0.9671992777471904,-0.11122708648589352,0.5384528751160174,9
312,247,aqua,1116,2.420331263410294,2.41802426336473,5.821269523616535e-06,-1017.4920539164547,26.813864280469893,0.06944992673852884,0.06973692168166046,,-0.0054904835745142044,0.9165423579356966,0.017767106330327742,0.6040659520835969,-0.023257589904841947,0.6415340699039228,9
313,247,terra,1116,2.442458549427186,2.4404361730616957,5.373386595854578e-06,-1010.603320182877,26.55103344137924,0.0659968873312467,0.06624756394902309,,-0.003698139046560467,0.9314651319650926,-0.7605694602192412,0.2202193751043524,0.7568713211726807,0.2353776040740122,9
314,248,aqua,1003,2.36376774938842,2.3562763896175736,1.8849009492659322e-05,-1063.3052013857157,27.983786670160335,0.033045916536437375,0.03364463230714837,,-0.030480648556774792,0.8049829721351306,-0.012067383689362998,0.5202981252054645,-0.018413264867411794,0.8335445715982676,9
315,248,terra,1003,2.306249800436155,2.2736979312524577,8.867951145353017e-05,-1041.3640701701747,28.31822158611457,0.028721690498754282,0.030936647632046094,0.0289512512369616,-0.29249373437950954,0.44436400576377033,0.005947128210992858,0.8149652983329764,-0.2984408625905024,0.3746629731737885,9
316,249,aqua,1098,2.366482282260601,2.3553656006570542,2.9145297613241214e-05,-1068.218672813933,28.07517187210366,0.056001636190971704,0.057459106216170175,,-0.056105484919683146,0.7376408831823794,-0.19222082057464362,0.2114110106510566,0.13611533565496048,0.5052772417418117,9
317,249,terra,1098,2.313887217254398,2.3002563866698633,3.284701994325928e-05,-1111.1623729139699,29.159826397281737,0.03667613397668634,0.03837820820578103,,-0.09445976051874405,0.6638174161675596,-1.2594795419873117,0.08042344076732001,1.1650197814685677,0.15226061044922334,9
318,250,aqua,1383,2.4052060525784364,2.392775649741622,3.5975088616696385e-05,-989.9888570258399,26.61566833051198,0.029408269854707236,0.030246443671220924,0.029560158912590423,-0.07870613909687396,0.6915502304945211,0.008752729244116964,0.6414575283817975,-0.08745886834099093,0.5866104159373393,9
319,250,terra,1383,2.373523316709094,2.2939798358558745,0.00028678961173990024,-15.945583946935901,3.9168153001440835,0.030768143212486665,0.031492754414250784,0.03109196165279343,-1.0730469969864185,0.1429331171336471,-0.32265355169535415,0.6202583580673104,-0.7503934452910648,0.1769576388833446,9
320,251,aqua,1487,2.318642077827713,2.2676198490307478,0.00015452221629626598,-31.065383883137834,5.2443438171314,0.020959025471323833,0.027080181812462356,0.025545873744712788,-0.7280941797822162,0.22753756765498445,-0.13696364855966525,0.7472875863838984,-0.5911305312225505,0.12299243560754433,9
321,251,terra,1487,2.3722452462938017,2.365141120924636,1.8030148508328832e-05,-1060.5941189540476,27.862884106578676,0.05048449299517582,0.05124307737184636,,-0.04192399644768674,0.7721489092941938,-0.3970168182008966,0.07787730832998675,0.3550928217532099,0.2020354614410571,9
322,252,aqua,1576,2.328485174284417,2.219869570532527,0.00038885783486052245,-8.474083157487645,3.2026528235995375,0.025567058930426434,0.027542920463094422,0.027906110802582818,-2.1413769275377454,0.0385009216003126,-0.892629442669894,0.4012145340249945,-1.248747484867888,0.06107998702165662,9
323,252,terra,1576,2.327007191621169,2.2761131289379044,0.0001561669746097512,-21.11749154570881,4.451865548763203,0.02484659823619531,0.021511083433097572,0.021042729485414385,-0.7536259279951336,0.21955890812368684,-0.2622365277118748,0.6557078237301013,-0.49138940028325884,0.0735643067754076,9
324,253,aqua,1172,2.3154619087461317,2.278952832982066,0.00010321929796397092,-309.58011206035053,15.47048321983456,0.04099503033816271,0.043668826596320764,0.04136748396428072,-0.37724799771937034,0.3850564945916928,-0.0013058789361046763,0.9777600269873589,-0.37594211878326567,0.38433458918849805,9
325,253,terra,1172,2.212736606973155,2.155506876169067,0.00014443203085818033,-81.46467158567833,8.460727649233252,0.039849061137511965,0.0478719468670033,0.04199238393981053,-0.8884804330472074,0.182522957835769,-0.024128050111456467,0.8825023256084493,-0.8643523829357505,0.15174842266905625,9
326,254,aqua,976,2.2422132707903186,2.232685963091644,1.8041579936876698e-05,-1176.9297570796803,30.872217478110798,0.05900201872611455,0.06014636546480007,,-0.05706011713252224,0.7355011998667041,-1.3671104357005737,0.12540185933245182,1.3100503185680514,0.15885108441159934,9
327,254,terra,976,2.325691692182172,2.298517060121673,7.453689807032548e-05,-479.7910028893673,19.128424588549798,0.03618799431997255,0.03949768480271176,0.036569383869244576,-0.21943623094639797,0.5076671725989951,0.0015021245250430582,0.9592163910813576,-0.22093835547144103,0.49793891773032606,9
328,255,aqua,1077,2.270948413502884,2.258737885144459,2.6053238001565436e-05,-1145.131855872898,30.100484665090704,0.06194945251140388,0.0632334408720076,,-0.08847028840009141,0.6740157517199548,-0.16223560470627518,0.20744165961679728,0.07376531630618377,0.7644569089440356,9
329,255,terra,1077,2.2285914491599215,2.1801162492426065,0.00012166590282483188,-101.41445657681064,9.321115414441968,0.03687643441869792,0.04268126408033218,0.03847306011441509,-0.6166176021082643,0.26677878925935217,-0.01414931504291106,0.913447914068958,-0.6024682870653533,0.18780176815598926,9
330,256,aqua,1127,2.2806267496331647,2.216857319303637,0.00018824121354083943,-32.39844973851128,5.421732157954787,0.03780157591216271,0.04517315479127937,0.04220845559101927,-0.8924030559505471,0.18156026933127534,-0.11172354662667328,0.7608652546636246,-0.7806795093238734,0.07578108690390366,9
331,256,terra,1127,2.2821782370773445,2.2645662176739036,4.0973602485787485e-05,-630.5336948080503,22.26621307575273,0.01561464274699384,0.017564058616558076,0.01544371454843782,-0.13542389930693544,0.6027636280758404,0.0020679926074325117,0.9293063007835687,-0.13749189191436795,0.48278540582807017,9
332,257,aqua,1084,2.3322170713151755,2.3230605860103712,2.176925981771795e-05,-1092.3380570538382,28.68734503950264,0.04504100781980114,0.045903998895041404,,-0.046729352575140215,0.7598253328721929,-0.6709080071002402,0.0755433199690666,0.6241786545251,0.16450350178552986,9
333,257,terra,1084,2.4501806874645196,2.4502048110505603,1.2370693002614772e-07,-1006.7106833614961,26.437115962109093,0.03743692793078934,0.037427974331579905,,-1.5707919818641614e-05,0.9955278936459642,-1.380103457161649,0.09266744060512383,1.3800877492418304,0.09300127753359265,9
334,258,aqua,1197,2.37770113375716,2.3526016967051513,7.523089220361768e-05,-705.3374339470231,22.71529365725683,0.024907782019486957,0.028037802284160418,0.025309193210835246,-0.20385365826183888,0.5231354806430459,0.006895846440007514,0.788310414079467,-0.2107495047018464,0.4531526803432431,9
335,258,terra,1197,2.267756115058726,2.1987588187809273,0.00020249000893527696,-13.534606999186401,3.8478203740659875,0.03344584024584285,0.03880351077786265,0.03962512489276987,-0.9342125778641241,0.17165555740190142,-0.37657058273773725,0.6066809668412276,-0.557641995126386,0.11085807453936125,9
